Target_ID,Frame,Timestamp,X_pixels,Y_pixels,Range_pixels,Range_km_estimated,Azimuth_degrees,Speed_mps_estimated,Direction_degrees,Confidence,Defense_Zone,Target_Type,Radar_ID
T_1024,0,00:00:00,627.27,144.71,268.26,3.219,25.93,0.0,25.93,0.891,OUTER_MONITORING,PERSON,BFSR_01
T_1024,1,00:00:00,627.28,144.66,268.3,3.22,25.93,0.064,72.49,0.893,OUTER_MONITORING,PERSON,BFSR_01
T_1024,2,00:00:00,627.46,144.89,268.36,3.22,25.87,0.31,306.84,0.898,OUTER_MONITORING,PERSON,BFSR_01
T_1024,3,00:00:00,627.4,145.01,268.26,3.219,25.86,0.14,245.91,0.902,OUTER_MONITORING,PERSON,BFSR_01
T_1024,4,00:00:00,627.34,144.98,268.22,3.219,25.87,0.074,154.24,0.899,OUTER_MONITORING,PERSON,BFSR_01
T_1024,5,00:00:00,627.07,145.02,267.95,3.215,25.88,0.295,189.99,0.899,OUTER_MONITORING,PERSON,BFSR_01
T_1024,6,00:00:00,626.62,145.06,267.53,3.21,25.92,0.491,185.21,0.897,OUTER_MONITORING,PERSON,BFSR_01
T_1024,7,00:00:00,625.45,145.43,266.32,3.196,25.96,1.326,197.49,0.895,OUTER_MONITORING,PERSON,BFSR_01
T_1024,8,00:00:00,624.25,145.74,265.1,3.181,26.01,1.337,194.17,0.856,OUTER_MONITORING,PERSON,BFSR_01
T_1024,9,00:00:00,621.85,145.27,263.15,3.158,26.33,2.644,169.02,0.758,OUTER_MONITORING,PERSON,BFSR_01
T_1024,10,00:00:00,618.36,146.35,259.55,3.115,26.46,3.94,197.22,0.665,OUTER_MONITORING,PERSON,BFSR_01
T_1024,11,00:00:00,616.46,146.79,257.66,3.092,26.56,2.105,193.16,0.615,OUTER_MONITORING,PERSON,BFSR_01
T_1024,12,00:00:00,616.01,147.25,257.05,3.085,26.51,0.691,225.24,0.583,OUTER_MONITORING,PERSON,BFSR_01
T_1024,13,00:00:00,613.88,147.83,254.88,3.059,26.61,2.384,195.31,0.541,OUTER_MONITORING,PERSON,BFSR_01
T_1024,14,00:00:00,612.18,148.26,253.16,3.038,26.7,1.902,194.21,0.513,OUTER_MONITORING,PERSON,BFSR_01
T_1024,22,00:00:00,626.4,144.49,267.58,3.211,26.05,1.987,14.84,0.872,OUTER_MONITORING,PERSON,BFSR_01
T_1024,23,00:00:00,626.39,144.46,267.58,3.211,26.06,0.037,116.96,0.87,OUTER_MONITORING,PERSON,BFSR_01
T_1024,24,00:00:01,626.48,144.24,267.77,3.213,26.09,0.263,66.46,0.898,OUTER_MONITORING,PERSON,BFSR_01
T_1024,25,00:00:01,626.59,144.24,267.87,3.214,26.08,0.117,0.82,0.898,OUTER_MONITORING,PERSON,BFSR_01
T_1024,26,00:00:01,626.7,144.21,267.97,3.216,26.08,0.118,17.02,0.899,OUTER_MONITORING,PERSON,BFSR_01
T_1024,27,00:00:01,626.77,144.17,268.06,3.217,26.08,0.09,29.92,0.898,OUTER_MONITORING,PERSON,BFSR_01
T_1024,28,00:00:01,626.9,144.13,268.19,3.218,26.07,0.143,14.61,0.899,OUTER_MONITORING,PERSON,BFSR_01
T_1024,29,00:00:01,627.02,144.1,268.31,3.22,26.07,0.141,13.89,0.899,OUTER_MONITORING,PERSON,BFSR_01
T_1024,30,00:00:01,627.0,144.11,268.29,3.219,26.07,0.028,212.09,0.898,OUTER_MONITORING,PERSON,BFSR_01
T_1024,31,00:00:01,627.0,144.07,268.31,3.22,26.07,0.052,93.62,0.897,OUTER_MONITORING,PERSON,BFSR_01
T_1024,32,00:00:01,627.11,143.98,268.44,3.221,26.08,0.147,38.22,0.895,OUTER_MONITORING,PERSON,BFSR_01
T_1024,33,00:00:01,627.14,144.01,268.46,3.222,26.07,0.053,324.26,0.892,OUTER_MONITORING,PERSON,BFSR_01
T_1024,34,00:00:01,627.2,144.01,268.51,3.222,26.07,0.06,356.8,0.888,OUTER_MONITORING,PERSON,BFSR_01
T_1024,35,00:00:01,627.41,143.95,268.73,3.225,26.06,0.234,17.55,0.881,OUTER_MONITORING,PERSON,BFSR_01
T_1024,36,00:00:01,627.14,144.1,268.42,3.221,26.06,0.335,208.62,0.883,OUTER_MONITORING,PERSON,BFSR_01
T_1024,37,00:00:01,627.14,144.07,268.43,3.221,26.06,0.028,79.64,0.875,OUTER_MONITORING,PERSON,BFSR_01
T_1024,38,00:00:01,627.17,144.36,268.33,3.22,26.0,0.312,275.33,0.869,OUTER_MONITORING,PERSON,BFSR_01
T_1024,39,00:00:01,627.23,144.44,268.36,3.22,25.98,0.113,310.47,0.862,OUTER_MONITORING,PERSON,BFSR_01
T_1025,0,00:00:00,527.25,211.64,149.96,1.8,19.62,0.0,19.62,0.886,MID_DEFENSE_LAYER,PERSON,BFSR_01
T_1025,1,00:00:00,527.28,211.57,150.01,1.8,19.64,0.088,67.46,0.887,MID_DEFENSE_LAYER,PERSON,BFSR_01
T_1025,2,00:00:00,527.22,211.8,149.88,1.799,19.57,0.255,255.06,0.889,MID_DEFENSE_LAYER,PERSON,BFSR_01
T_1025,3,00:00:00,527.47,211.86,150.09,1.801,19.52,0.277,345.93,0.894,MID_DEFENSE_LAYER,PERSON,BFSR_01
T_1025,4,00:00:00,527.53,211.95,150.12,1.801,19.47,0.124,303.19,0.898,MID_DEFENSE_LAYER,PERSON,BFSR_01
T_1025,5,00:00:00,527.92,211.85,150.52,1.806,19.46,0.43,15.5,0.899,MID_DEFENSE_LAYER,PERSON,BFSR_01
T_1025,6,00:00:00,528.31,212.16,150.78,1.809,19.3,0.543,321.07,0.902,MID_DEFENSE_LAYER,PERSON,BFSR_01
T_1025,7,00:00:00,529.12,212.27,151.51,1.818,19.16,0.88,352.16,0.902,MID_DEFENSE_LAYER,PERSON,BFSR_01
T_1025,8,00:00:00,529.81,212.26,152.17,1.826,19.08,0.746,1.21,0.897,MID_DEFENSE_LAYER,PERSON,BFSR_01
T_1025,9,00:00:00,530.33,212.21,152.67,1.832,19.03,0.563,5.59,0.863,MID_DEFENSE_LAYER,PERSON,BFSR_01
T_1025,10,00:00:00,531.28,212.3,153.54,1.843,18.89,1.031,354.66,0.818,MID_DEFENSE_LAYER,PERSON,BFSR_01
T_1025,11,00:00:00,532.03,212.33,154.25,1.851,18.79,0.819,357.7,0.774,MID_DEFENSE_LAYER,PERSON,BFSR_01
T_1025,12,00:00:00,532.56,212.36,154.74,1.857,18.71,0.568,356.74,0.718,MID_DEFENSE_LAYER,PERSON,BFSR_01
T_1025,13,00:00:00,533.19,212.34,155.34,1.864,18.65,0.682,1.99,0.695,MID_DEFENSE_LAYER,PERSON,BFSR_01
T_1025,14,00:00:00,533.82,212.33,155.95,1.871,18.57,0.686,0.75,0.67,MID_DEFENSE_LAYER,PERSON,BFSR_01
T_1025,15,00:00:00,534.68,212.55,156.69,1.88,18.4,0.95,345.5,0.644,MID_DEFENSE_LAYER,PERSON,BFSR_01
T_1025,16,00:00:00,534.86,212.5,156.87,1.882,18.39,0.202,15.57,0.629,MID_DEFENSE_LAYER,PERSON,BFSR_01
T_1025,17,00:00:00,536.16,212.65,158.06,1.897,18.19,1.415,353.47,0.61,MID_DEFENSE_LAYER,PERSON,BFSR_01
T_1025,18,00:00:00,536.72,212.77,158.55,1.903,18.09,0.618,347.64,0.598,MID_DEFENSE_LAYER,PERSON,BFSR_01
T_1025,19,00:00:00,537.76,212.89,159.51,1.914,17.93,1.133,353.17,0.583,MID_DEFENSE_LAYER,PERSON,BFSR_01
T_1025,20,00:00:00,538.95,213.16,160.56,1.927,17.71,1.316,347.64,0.557,MID_DEFENSE_LAYER,PERSON,BFSR_01
T_1025,21,00:00:00,539.6,213.3,161.14,1.934,17.59,0.723,347.57,0.537,MID_DEFENSE_LAYER,PERSON,BFSR_01
T_1025,26,00:00:01,528.52,211.58,151.17,1.814,19.48,2.423,171.18,0.808,MID_DEFENSE_LAYER,PERSON,BFSR_01
T_1025,27,00:00:01,528.43,211.52,151.11,1.813,19.52,0.116,143.42,0.827,MID_DEFENSE_LAYER,PERSON,BFSR_01
T_1025,28,00:00:01,528.09,211.52,150.79,1.809,19.56,0.37,180.57,0.895,MID_DEFENSE_LAYER,PERSON,BFSR_01
T_1025,29,00:00:01,527.83,211.48,150.56,1.807,19.61,0.281,170.57,0.893,MID_DEFENSE_LAYER,PERSON,BFSR_01
T_1025,30,00:00:01,527.49,211.4,150.27,1.803,19.68,0.374,167.2,0.894,MID_DEFENSE_LAYER,PERSON,BFSR_01
T_1025,31,00:00:01,527.61,211.35,150.4,1.805,19.68,0.138,23.97,0.895,MID_DEFENSE_LAYER,PERSON,BFSR_01
T_1025,32,00:00:01,527.49,211.29,150.3,1.804,19.72,0.14,155.26,0.894,MID_DEFENSE_LAYER,PERSON,BFSR_01
T_1025,33,00:00:01,527.55,211.16,150.4,1.805,19.76,0.158,68.46,0.894,MID_DEFENSE_LAYER,PERSON,BFSR_01
T_1025,34,00:00:01,527.35,211.15,150.22,1.803,19.79,0.21,176.49,0.893,MID_DEFENSE_LAYER,PERSON,BFSR_01
T_1025,35,00:00:01,527.4,211.2,150.25,1.803,19.76,0.072,310.94,0.892,MID_DEFENSE_LAYER,PERSON,BFSR_01
T_1025,36,00:00:01,527.37,211.06,150.27,1.803,19.82,0.154,102.21,0.891,MID_DEFENSE_LAYER,PERSON,BFSR_01
T_1025,37,00:00:01,527.43,211.27,150.25,1.803,19.73,0.235,286.25,0.889,MID_DEFENSE_LAYER,PERSON,BFSR_01
T_1025,38,00:00:01,527.38,211.17,150.24,1.803,19.78,0.121,117.63,0.885,MID_DEFENSE_LAYER,PERSON,BFSR_01
T_1025,39,00:00:01,527.42,211.2,150.27,1.803,19.76,0.061,323.79,0.881,MID_DEFENSE_LAYER,PERSON,BFSR_01
T_1025,40,00:00:01,527.3,211.0,150.22,1.803,19.85,0.253,121.18,0.876,MID_DEFENSE_LAYER,PERSON,BFSR_01
T_1025,41,00:00:01,527.25,211.06,150.15,1.802,19.83,0.084,229.74,0.869,MID_DEFENSE_LAYER,PERSON,BFSR_01
T_1025,42,00:00:01,527.22,211.16,150.09,1.801,19.8,0.115,253.98,0.86,MID_DEFENSE_LAYER,PERSON,BFSR_01
T_1026,0,00:00:00,463.7,175.22,116.48,1.398,48.16,0.0,48.16,0.883,MID_DEFENSE_LAYER,PERSON,BFSR_01
T_1026,1,00:00:00,463.47,174.96,116.52,1.398,48.33,0.377,132.17,0.886,MID_DEFENSE_LAYER,PERSON,BFSR_01
T_1026,2,00:00:00,463.69,174.93,116.69,1.4,48.26,0.241,9.08,0.89,MID_DEFENSE_LAYER,PERSON,BFSR_01
T_1026,3,00:00:00,463.35,174.96,116.45,1.397,48.37,0.369,185.09,0.892,MID_DEFENSE_LAYER,PERSON,BFSR_01
T_1026,4,00:00:00,463.57,174.91,116.63,1.4,48.31,0.246,11.86,0.893,MID_DEFENSE_LAYER,PERSON,BFSR_01
T_1026,5,00:00:00,463.69,175.15,116.53,1.398,48.19,0.291,296.28,0.895,MID_DEFENSE_LAYER,PERSON,BFSR_01
T_1026,6,00:00:00,463.55,175.01,116.54,1.398,48.28,0.218,135.83,0.894,MID_DEFENSE_LAYER,PERSON,BFSR_01
T_1026,7,00:00:00,463.43,175.01,116.46,1.398,48.33,0.122,179.7,0.897,MID_DEFENSE_LAYER,PERSON,BFSR_01
T_1026,8,00:00:00,463.71,175.18,116.52,1.398,48.17,0.357,328.09,0.898,MID_DEFENSE_LAYER,PERSON,BFSR_01
T_1026,9,00:00:00,463.55,175.16,116.43,1.397,48.24,0.185,170.99,0.897,MID_DEFENSE_LAYER,PERSON,BFSR_01
T_1026,10,00:00:00,463.53,175.12,116.45,1.397,48.25,0.045,106.35,0.899,MID_DEFENSE_LAYER,PERSON,BFSR_01
T_1026,11,00:00:00,463.67,175.21,116.47,1.398,48.17,0.176,325.18,0.899,MID_DEFENSE_LAYER,PERSON,BFSR_01
T_1026,12,00:00:00,463.63,175.4,116.3,1.396,48.13,0.207,258.18,0.9,MID_DEFENSE_LAYER,PERSON,BFSR_01
T_1026,13,00:00:00,463.52,175.38,116.24,1.395,48.17,0.115,172.66,0.9,MID_DEFENSE_LAYER,PERSON,BFSR_01
T_1026,14,00:00:00,463.45,175.28,116.27,1.395,48.23,0.14,125.18,0.899,MID_DEFENSE_LAYER,PERSON,BFSR_01
T_1026,15,00:00:00,463.56,175.27,116.35,1.396,48.19,0.125,4.08,0.898,MID_DEFENSE_LAYER,PERSON,BFSR_01
T_1026,16,00:00:00,463.51,175.46,116.18,1.394,48.15,0.207,255.07,0.897,MID_DEFENSE_LAYER,PERSON,BFSR_01
T_1026,17,00:00:00,463.53,175.36,116.27,1.395,48.17,0.104,77.59,0.897,MID_DEFENSE_LAYER,PERSON,BFSR_01
T_1026,18,00:00:00,463.56,175.42,116.24,1.395,48.14,0.072,296.47,0.893,MID_DEFENSE_LAYER,PERSON,BFSR_01
T_1026,19,00:00:00,463.63,175.32,116.36,1.396,48.15,0.13,56.73,0.892,MID_DEFENSE_LAYER,PERSON,BFSR_01
T_1026,20,00:00:00,464.03,175.21,116.71,1.401,48.04,0.449,14.88,0.887,MID_DEFENSE_LAYER,PERSON,BFSR_01
T_1026,21,00:00:00,463.98,174.9,116.91,1.403,48.16,0.338,98.79,0.881,MID_DEFENSE_LAYER,PERSON,BFSR_01
T_1026,22,00:00:00,464.36,174.77,117.26,1.407,48.07,0.434,19.47,0.853,MID_DEFENSE_LAYER,PERSON,BFSR_01
T_1026,23,00:00:00,463.98,174.29,117.36,1.408,48.36,0.666,128.92,0.829,MID_DEFENSE_LAYER,PERSON,BFSR_01
T_1026,24,00:00:01,463.26,174.97,116.37,1.396,48.4,1.068,223.72,0.784,MID_DEFENSE_LAYER,PERSON,BFSR_01
T_1026,25,00:00:01,463.31,174.82,116.52,1.398,48.43,0.171,70.76,0.801,MID_DEFENSE_LAYER,PERSON,BFSR_01
T_1026,26,00:00:01,463.7,175.14,116.54,1.399,48.19,0.54,321.02,0.875,MID_DEFENSE_LAYER,PERSON,BFSR_01
T_1026,27,00:00:01,463.83,175.01,116.72,1.401,48.18,0.192,45.48,0.894,MID_DEFENSE_LAYER,PERSON,BFSR_01
T_1026,28,00:00:01,463.76,174.97,116.71,1.401,48.22,0.085,146.92,0.893,MID_DEFENSE_LAYER,PERSON,BFSR_01
T_1026,29,00:00:01,463.76,174.91,116.75,1.401,48.24,0.064,89.76,0.894,MID_DEFENSE_LAYER,PERSON,BFSR_01
T_1026,30,00:00:01,463.73,175.07,116.62,1.399,48.2,0.172,260.39,0.894,MID_DEFENSE_LAYER,PERSON,BFSR_01
T_1026,31,00:00:01,463.82,175.11,116.65,1.4,48.15,0.106,333.94,0.893,MID_DEFENSE_LAYER,PERSON,BFSR_01
T_1026,32,00:00:01,463.74,175.06,116.63,1.4,48.2,0.106,147.88,0.894,MID_DEFENSE_LAYER,PERSON,BFSR_01
T_1026,33,00:00:01,463.74,174.99,116.68,1.4,48.22,0.074,88.38,0.894,MID_DEFENSE_LAYER,PERSON,BFSR_01
T_1026,34,00:00:01,463.87,175.03,116.73,1.401,48.16,0.142,340.72,0.894,MID_DEFENSE_LAYER,PERSON,BFSR_01
T_1026,35,00:00:01,463.88,174.99,116.77,1.401,48.17,0.046,66.87,0.892,MID_DEFENSE_LAYER,PERSON,BFSR_01
T_1026,36,00:00:01,463.93,174.99,116.81,1.402,48.15,0.05,6.1,0.893,MID_DEFENSE_LAYER,PERSON,BFSR_01
T_1026,37,00:00:01,463.89,175.13,116.67,1.4,48.12,0.158,253.7,0.892,MID_DEFENSE_LAYER,PERSON,BFSR_01
T_1026,38,00:00:01,464.01,175.03,116.84,1.402,48.11,0.177,38.82,0.887,MID_DEFENSE_LAYER,PERSON,BFSR_01
T_1026,39,00:00:01,463.72,175.2,116.51,1.398,48.16,0.369,209.68,0.884,MID_DEFENSE_LAYER,PERSON,BFSR_01
T_1026,40,00:00:01,463.44,174.98,116.49,1.398,48.34,0.383,141.94,0.881,MID_DEFENSE_LAYER,PERSON,BFSR_01
T_1026,41,00:00:01,463.67,175.19,116.48,1.398,48.18,0.332,317.61,0.855,MID_DEFENSE_LAYER,PERSON,BFSR_01
T_1026,42,00:00:01,463.39,175.33,116.19,1.394,48.24,0.337,208.33,0.865,MID_DEFENSE_LAYER,PERSON,BFSR_01
T_1026,43,00:00:01,463.26,175.79,115.77,1.389,48.13,0.512,254.32,0.851,MID_DEFENSE_LAYER,PERSON,BFSR_01
T_1027,0,00:00:00,385.8,262.08,0.22,0.01,200.56,0.0,200.56,0.864,INNER_CRITICAL_ZONE,PERSON,BFSR_01
T_1027,1,00:00:00,385.8,262.08,0.22,0.01,200.56,0.0,200.56,0.864,INNER_CRITICAL_ZONE,PERSON,BFSR_01
T_1027,2,00:00:00,385.8,262.08,0.22,0.01,200.56,0.0,200.56,0.864,INNER_CRITICAL_ZONE,PERSON,BFSR_01
T_1027,3,00:00:00,385.8,262.08,0.22,0.01,200.56,0.0,200.56,0.864,INNER_CRITICAL_ZONE,PERSON,BFSR_01
T_1027,4,00:00:00,386.27,262.02,0.27,0.01,356.59,0.514,7.25,0.82,INNER_CRITICAL_ZONE,PERSON,BFSR_01
T_1027,5,00:00:00,386.27,262.02,0.27,0.01,356.59,0.0,356.59,0.823,INNER_CRITICAL_ZONE,PERSON,BFSR_01
T_1027,8,00:00:00,386.31,261.87,0.33,0.01,22.91,0.054,75.17,0.847,INNER_CRITICAL_ZONE,PERSON,BFSR_01
T_1027,9,00:00:00,386.31,261.87,0.33,0.01,22.91,0.0,22.91,0.847,INNER_CRITICAL_ZONE,PERSON,BFSR_01
T_1027,16,00:00:00,387.16,262.15,1.17,0.014,352.52,0.138,341.62,0.805,INNER_CRITICAL_ZONE,PERSON,BFSR_01
T_1027,17,00:00:00,386.6,262.01,0.6,0.01,358.87,0.619,165.86,0.858,INNER_CRITICAL_ZONE,PERSON,BFSR_01
T_1027,18,00:00:00,386.52,262.04,0.52,0.01,355.13,0.095,201.52,0.857,INNER_CRITICAL_ZONE,PERSON,BFSR_01
T_1027,19,00:00:00,386.52,262.04,0.52,0.01,355.13,0.0,355.13,0.857,INNER_CRITICAL_ZONE,PERSON,BFSR_01
T_1027,20,00:00:00,386.52,262.04,0.52,0.01,355.13,0.0,355.13,0.857,INNER_CRITICAL_ZONE,PERSON,BFSR_01
T_1027,21,00:00:00,386.46,262.12,0.47,0.01,344.84,0.109,232.13,0.857,INNER_CRITICAL_ZONE,PERSON,BFSR_01
T_1027,22,00:00:00,386.45,262.06,0.45,0.01,351.98,0.067,99.13,0.845,INNER_CRITICAL_ZONE,PERSON,BFSR_01
T_1027,23,00:00:00,386.39,262.1,0.4,0.01,345.54,0.073,214.05,0.833,INNER_CRITICAL_ZONE,PERSON,BFSR_01
T_1027,24,00:00:01,386.42,261.82,0.46,0.01,22.81,0.301,84.2,0.873,INNER_CRITICAL_ZONE,PERSON,BFSR_01
T_1027,25,00:00:01,386.4,261.78,0.45,0.01,28.77,0.051,120.87,0.873,INNER_CRITICAL_ZONE,PERSON,BFSR_01
T_1027,26,00:00:01,386.4,261.78,0.45,0.01,28.77,0.0,28.77,0.873,INNER_CRITICAL_ZONE,PERSON,BFSR_01
T_1027,27,00:00:01,386.47,262.24,0.53,0.01,333.1,0.498,279.24,0.869,INNER_CRITICAL_ZONE,PERSON,BFSR_01
T_1027,28,00:00:01,386.47,262.24,0.53,0.01,333.1,0.0,333.1,0.87,INNER_CRITICAL_ZONE,PERSON,BFSR_01
T_1027,29,00:00:01,386.47,262.24,0.53,0.01,333.1,0.0,333.1,0.87,INNER_CRITICAL_ZONE,PERSON,BFSR_01
T_1027,30,00:00:01,386.47,262.24,0.53,0.01,333.1,0.0,333.1,0.87,INNER_CRITICAL_ZONE,PERSON,BFSR_01
T_1027,31,00:00:01,386.43,262.14,0.45,0.01,342.24,0.116,111.0,0.869,INNER_CRITICAL_ZONE,PERSON,BFSR_01
T_1027,32,00:00:01,386.18,261.94,0.19,0.01,17.18,0.34,141.82,0.842,INNER_CRITICAL_ZONE,PERSON,BFSR_01
T_1027,33,00:00:01,386.41,262.17,0.45,0.01,337.08,0.349,314.58,0.868,INNER_CRITICAL_ZONE,PERSON,BFSR_01
T_1027,34,00:00:01,386.41,262.17,0.45,0.01,337.08,0.0,337.08,0.867,INNER_CRITICAL_ZONE,PERSON,BFSR_01
T_1027,35,00:00:01,386.41,262.17,0.45,0.01,337.08,0.0,337.08,0.867,INNER_CRITICAL_ZONE,PERSON,BFSR_01
T_1027,36,00:00:01,386.31,262.16,0.35,0.01,332.68,0.106,173.07,0.864,INNER_CRITICAL_ZONE,PERSON,BFSR_01
T_1027,37,00:00:01,386.03,262.04,0.05,0.01,306.03,0.332,156.95,0.867,INNER_CRITICAL_ZONE,PERSON,BFSR_01
T_1027,38,00:00:01,386.08,262.12,0.14,0.01,302.01,0.101,299.82,0.864,INNER_CRITICAL_ZONE,PERSON,BFSR_01
T_1027,39,00:00:01,386.08,262.12,0.14,0.01,302.01,0.0,302.01,0.864,INNER_CRITICAL_ZONE,PERSON,BFSR_01
T_1027,40,00:00:01,386.08,262.12,0.14,0.01,302.01,0.0,302.01,0.864,INNER_CRITICAL_ZONE,PERSON,BFSR_01
T_1027,41,00:00:01,386.08,262.12,0.14,0.01,302.01,0.0,302.01,0.864,INNER_CRITICAL_ZONE,PERSON,BFSR_01
T_1027,42,00:00:01,386.03,262.04,0.05,0.01,306.03,0.101,119.82,0.868,INNER_CRITICAL_ZONE,PERSON,BFSR_01
T_1027,43,00:00:01,386.03,262.04,0.05,0.01,306.03,0.0,306.03,0.868,INNER_CRITICAL_ZONE,PERSON,BFSR_01
T_1027,44,00:00:01,386.03,262.04,0.05,0.01,306.03,0.0,306.03,0.868,INNER_CRITICAL_ZONE,PERSON,BFSR_01
T_1027,45,00:00:01,386.03,262.04,0.05,0.01,306.03,0.0,306.03,0.868,INNER_CRITICAL_ZONE,PERSON,BFSR_01
T_1027,46,00:00:01,386.03,262.04,0.05,0.01,306.03,0.0,306.03,0.868,INNER_CRITICAL_ZONE,PERSON,BFSR_01
T_1027,47,00:00:01,386.03,262.04,0.05,0.01,306.03,0.0,306.03,0.867,INNER_CRITICAL_ZONE,PERSON,BFSR_01
T_1027,48,00:00:02,385.8,262.4,0.44,0.01,243.24,0.455,237.07,0.848,INNER_CRITICAL_ZONE,PERSON,BFSR_01
T_1027,49,00:00:02,385.8,262.4,0.44,0.01,243.24,0.0,243.24,0.848,INNER_CRITICAL_ZONE,PERSON,BFSR_01
T_1027,50,00:00:02,385.8,262.4,0.44,0.01,243.24,0.0,243.24,0.848,INNER_CRITICAL_ZONE,PERSON,BFSR_01
T_1027,51,00:00:02,386.03,262.41,0.41,0.01,273.58,0.243,356.17,0.866,INNER_CRITICAL_ZONE,PERSON,BFSR_01
T_1027,52,00:00:02,386.03,262.41,0.41,0.01,273.58,0.0,273.58,0.866,INNER_CRITICAL_ZONE,PERSON,BFSR_01
T_1027,53,00:00:02,386.03,262.41,0.41,0.01,273.58,0.0,273.58,0.866,INNER_CRITICAL_ZONE,PERSON,BFSR_01
T_1027,54,00:00:02,385.95,261.96,0.06,0.01,137.73,0.493,98.93,0.867,INNER_CRITICAL_ZONE,PERSON,BFSR_01
T_1027,55,00:00:02,385.99,262.37,0.37,0.01,267.69,0.442,274.27,0.865,INNER_CRITICAL_ZONE,PERSON,BFSR_01
T_1027,56,00:00:02,384.56,266.26,4.5,0.054,251.34,4.481,249.92,0.596,INNER_CRITICAL_ZONE,PERSON,BFSR_01
T_1027,60,00:00:02,385.57,262.24,0.49,0.01,209.13,1.121,75.89,0.83,INNER_CRITICAL_ZONE,PERSON,BFSR_01
T_1027,61,00:00:02,385.57,262.24,0.49,0.01,209.13,0.0,209.13,0.831,INNER_CRITICAL_ZONE,PERSON,BFSR_01
T_1027,62,00:00:02,385.57,262.24,0.49,0.01,209.13,0.0,209.13,0.831,INNER_CRITICAL_ZONE,PERSON,BFSR_01
T_1027,63,00:00:02,385.57,262.24,0.49,0.01,209.13,0.0,209.13,0.831,INNER_CRITICAL_ZONE,PERSON,BFSR_01
T_1027,64,00:00:02,385.57,262.24,0.49,0.01,209.13,0.0,209.13,0.831,INNER_CRITICAL_ZONE,PERSON,BFSR_01
T_1027,65,00:00:02,385.3,262.46,0.83,0.01,213.2,0.372,218.99,0.868,INNER_CRITICAL_ZONE,PERSON,BFSR_01
T_1027,66,00:00:02,382.78,265.39,4.67,0.056,226.45,4.178,229.27,0.49,INNER_CRITICAL_ZONE,PERSON,BFSR_01
T_1027,67,00:00:02,383.51,264.51,3.54,0.042,225.2,1.229,50.31,0.572,INNER_CRITICAL_ZONE,PERSON,BFSR_01
T_1027,69,00:00:02,384.33,263.45,2.21,0.027,220.89,0.726,52.31,0.62,INNER_CRITICAL_ZONE,PERSON,BFSR_01
T_1027,70,00:00:02,385.34,262.36,0.76,0.01,208.75,1.599,47.06,0.83,INNER_CRITICAL_ZONE,PERSON,BFSR_01
T_1027,71,00:00:02,384.73,262.68,1.44,0.017,208.17,0.741,207.54,0.737,INNER_CRITICAL_ZONE,PERSON,BFSR_01
T_1027,72,00:00:03,385.22,262.51,0.94,0.011,213.32,0.558,18.82,0.843,INNER_CRITICAL_ZONE,PERSON,BFSR_01
T_1027,73,00:00:03,385.33,262.3,0.73,0.01,204.11,0.261,62.38,0.862,INNER_CRITICAL_ZONE,PERSON,BFSR_01
T_1027,74,00:00:03,385.12,262.44,0.98,0.012,206.57,0.269,213.83,0.868,INNER_CRITICAL_ZONE,PERSON,BFSR_01
T_1027,75,00:00:03,385.36,262.33,0.72,0.01,207.63,0.284,23.64,0.87,INNER_CRITICAL_ZONE,PERSON,BFSR_01
T_1027,76,00:00:03,385.57,262.12,0.44,0.01,195.35,0.327,45.66,0.873,INNER_CRITICAL_ZONE,PERSON,BFSR_01
T_1027,77,00:00:03,385.57,262.12,0.44,0.01,195.35,0.0,195.35,0.873,INNER_CRITICAL_ZONE,PERSON,BFSR_01
T_1027,78,00:00:03,385.29,262.18,0.73,0.01,194.18,0.31,192.39,0.871,INNER_CRITICAL_ZONE,PERSON,BFSR_01
T_1027,79,00:00:03,385.23,262.13,0.78,0.01,189.51,0.087,142.06,0.871,INNER_CRITICAL_ZONE,PERSON,BFSR_01
T_1027,80,00:00:03,385.23,262.13,0.78,0.01,189.51,0.0,189.51,0.87,INNER_CRITICAL_ZONE,PERSON,BFSR_01
T_1027,81,00:00:03,385.23,262.13,0.78,0.01,189.51,0.0,189.51,0.871,INNER_CRITICAL_ZONE,PERSON,BFSR_01
T_1027,82,00:00:03,385.23,262.13,0.78,0.01,189.51,0.0,189.51,0.871,INNER_CRITICAL_ZONE,PERSON,BFSR_01
T_1027,83,00:00:03,385.23,262.13,0.78,0.01,189.51,0.0,189.51,0.871,INNER_CRITICAL_ZONE,PERSON,BFSR_01
T_1027,84,00:00:03,385.54,262.03,0.46,0.01,184.09,0.348,17.29,0.876,INNER_CRITICAL_ZONE,PERSON,BFSR_01
T_1027,85,00:00:03,385.26,262.03,0.74,0.01,182.39,0.297,179.53,0.874,INNER_CRITICAL_ZONE,PERSON,BFSR_01
T_1027,86,00:00:03,385.26,262.03,0.74,0.01,182.39,0.0,182.39,0.874,INNER_CRITICAL_ZONE,PERSON,BFSR_01
T_1027,87,00:00:03,385.26,262.03,0.74,0.01,182.39,0.0,182.39,0.874,INNER_CRITICAL_ZONE,PERSON,BFSR_01
T_1027,88,00:00:03,385.26,262.03,0.74,0.01,182.39,0.0,182.39,0.874,INNER_CRITICAL_ZONE,PERSON,BFSR_01
T_1027,89,00:00:03,385.28,261.74,0.76,0.01,159.81,0.318,86.14,0.871,INNER_CRITICAL_ZONE,PERSON,BFSR_01
T_1027,90,00:00:03,385.28,261.74,0.76,0.01,159.81,0.0,159.81,0.868,INNER_CRITICAL_ZONE,PERSON,BFSR_01
T_1027,91,00:00:03,385.28,261.74,0.76,0.01,159.81,0.0,159.81,0.868,INNER_CRITICAL_ZONE,PERSON,BFSR_01
T_1027,92,00:00:03,385.28,261.74,0.76,0.01,159.81,0.0,159.81,0.869,INNER_CRITICAL_ZONE,PERSON,BFSR_01
T_1027,93,00:00:03,385.28,261.74,0.76,0.01,159.81,0.0,159.81,0.868,INNER_CRITICAL_ZONE,PERSON,BFSR_01
T_1027,94,00:00:03,385.28,261.74,0.76,0.01,159.81,0.0,159.81,0.868,INNER_CRITICAL_ZONE,PERSON,BFSR_01
T_1027,95,00:00:03,385.25,261.71,0.81,0.01,158.62,0.051,139.1,0.869,INNER_CRITICAL_ZONE,PERSON,BFSR_01
T_1027,96,00:00:04,385.23,261.87,0.78,0.01,170.26,0.176,264.49,0.871,INNER_CRITICAL_ZONE,PERSON,BFSR_01
T_1027,97,00:00:04,385.23,261.87,0.78,0.01,170.26,0.0,170.26,0.871,INNER_CRITICAL_ZONE,PERSON,BFSR_01
T_1027,98,00:00:04,385.46,261.97,0.54,0.01,176.51,0.269,336.59,0.874,INNER_CRITICAL_ZONE,PERSON,BFSR_01
T_1027,99,00:00:04,385.46,261.97,0.54,0.01,176.51,0.0,176.51,0.874,INNER_CRITICAL_ZONE,PERSON,BFSR_01
T_1027,100,00:00:04,385.23,261.87,0.78,0.01,170.26,0.269,156.59,0.872,INNER_CRITICAL_ZONE,PERSON,BFSR_01
T_1027,101,00:00:04,385.05,261.55,1.05,0.013,154.8,0.398,120.5,0.869,INNER_CRITICAL_ZONE,PERSON,BFSR_01
T_1027,102,00:00:04,385.07,261.49,1.07,0.013,151.29,0.071,72.63,0.869,INNER_CRITICAL_ZONE,PERSON,BFSR_01
T_1027,103,00:00:04,385.47,261.47,0.75,0.01,135.0,0.434,3.04,0.87,INNER_CRITICAL_ZONE,PERSON,BFSR_01
T_1027,104,00:00:04,385.47,261.47,0.75,0.01,135.0,0.0,135.0,0.87,INNER_CRITICAL_ZONE,PERSON,BFSR_01
T_1027,105,00:00:04,382.56,258.96,4.59,0.055,138.47,4.144,139.15,0.479,INNER_CRITICAL_ZONE,PERSON,BFSR_01
T_1027,115,00:00:04,384.64,258.55,3.71,0.044,111.52,0.228,11.04,0.683,INNER_CRITICAL_ZONE,PERSON,BFSR_01
T_1027,119,00:00:04,385.47,260.9,1.22,0.015,115.71,0.673,289.47,0.872,INNER_CRITICAL_ZONE,PERSON,BFSR_01
T_1027,121,00:00:05,385.74,261.18,0.86,0.01,107.27,0.208,314.87,0.851,INNER_CRITICAL_ZONE,PERSON,BFSR_01
T_1027,122,00:00:05,385.76,261.22,0.82,0.01,107.33,0.051,286.24,0.853,INNER_CRITICAL_ZONE,PERSON,BFSR_01
T_1027,124,00:00:05,385.79,261.53,0.51,0.01,113.74,0.168,276.71,0.86,INNER_CRITICAL_ZONE,PERSON,BFSR_01
T_1027,125,00:00:05,385.79,261.53,0.51,0.01,113.74,0.0,113.74,0.859,INNER_CRITICAL_ZONE,PERSON,BFSR_01
T_1027,126,00:00:05,385.85,261.89,0.19,0.01,145.38,0.397,278.26,0.864,INNER_CRITICAL_ZONE,PERSON,BFSR_01
T_1027,127,00:00:05,385.89,261.67,0.35,0.01,107.9,0.25,78.5,0.849,INNER_CRITICAL_ZONE,PERSON,BFSR_01
T_1027,128,00:00:05,385.89,261.67,0.35,0.01,107.9,0.0,107.9,0.848,INNER_CRITICAL_ZONE,PERSON,BFSR_01
T_1027,129,00:00:05,385.87,261.92,0.15,0.01,148.3,0.277,265.91,0.86,INNER_CRITICAL_ZONE,PERSON,BFSR_01
T_1027,130,00:00:05,385.87,261.92,0.15,0.01,148.3,0.0,148.3,0.86,INNER_CRITICAL_ZONE,PERSON,BFSR_01
T_1027,131,00:00:05,385.87,261.92,0.15,0.01,148.3,0.0,148.3,0.86,INNER_CRITICAL_ZONE,PERSON,BFSR_01
T_1027,132,00:00:05,385.86,261.88,0.18,0.01,140.63,0.046,113.23,0.86,INNER_CRITICAL_ZONE,PERSON,BFSR_01
T_1027,133,00:00:05,386.03,261.81,0.19,0.01,80.91,0.204,23.2,0.868,INNER_CRITICAL_ZONE,PERSON,BFSR_01
T_1027,134,00:00:05,386.08,261.89,0.14,0.01,55.41,0.099,301.54,0.868,INNER_CRITICAL_ZONE,PERSON,BFSR_01
T_1027,135,00:00:05,386.08,261.89,0.14,0.01,55.41,0.0,55.41,0.87,INNER_CRITICAL_ZONE,PERSON,BFSR_01
T_1027,136,00:00:05,386.03,261.97,0.05,0.01,45.0,0.101,240.43,0.87,INNER_CRITICAL_ZONE,PERSON,BFSR_01
T_1027,137,00:00:05,386.08,261.89,0.14,0.01,55.41,0.101,60.43,0.871,INNER_CRITICAL_ZONE,PERSON,BFSR_01
T_1027,138,00:00:05,386.08,261.89,0.14,0.01,55.41,0.0,55.41,0.871,INNER_CRITICAL_ZONE,PERSON,BFSR_01
T_1027,139,00:00:05,386.34,261.8,0.39,0.01,30.6,0.294,18.31,0.864,INNER_CRITICAL_ZONE,PERSON,BFSR_01
T_1027,140,00:00:05,386.34,261.8,0.39,0.01,30.6,0.0,30.6,0.864,INNER_CRITICAL_ZONE,PERSON,BFSR_01
T_1027,141,00:00:05,386.3,261.87,0.33,0.01,22.77,0.089,243.26,0.858,INNER_CRITICAL_ZONE,PERSON,BFSR_01
T_1027,142,00:00:05,386.3,261.87,0.33,0.01,22.77,0.0,22.77,0.858,INNER_CRITICAL_ZONE,PERSON,BFSR_01
T_1027,143,00:00:05,386.72,261.72,0.77,0.01,21.43,0.485,20.46,0.774,INNER_CRITICAL_ZONE,PERSON,BFSR_01
T_1027,144,00:00:06,388.25,261.48,2.31,0.028,12.89,1.672,8.63,0.577,INNER_CRITICAL_ZONE,PERSON,BFSR_01
T_1027,145,00:00:06,386.92,261.79,0.94,0.011,12.74,1.48,192.99,0.731,INNER_CRITICAL_ZONE,PERSON,BFSR_01
T_1027,146,00:00:06,386.59,261.89,0.6,0.01,10.8,0.368,196.16,0.85,INNER_CRITICAL_ZONE,PERSON,BFSR_01
T_1027,155,00:00:06,387.19,262.18,1.21,0.014,351.62,0.081,334.57,0.776,INNER_CRITICAL_ZONE,PERSON,BFSR_01
T_1027,156,00:00:06,387.16,262.35,1.21,0.015,343.42,0.187,259.6,0.857,INNER_CRITICAL_ZONE,PERSON,BFSR_01
T_1027,157,00:00:06,386.79,261.96,0.8,0.01,3.23,0.581,133.28,0.864,INNER_CRITICAL_ZONE,PERSON,BFSR_01
T_1027,158,00:00:06,386.95,262.24,0.98,0.012,345.88,0.349,298.64,0.865,INNER_CRITICAL_ZONE,PERSON,BFSR_01
T_1027,159,00:00:06,386.95,262.24,0.98,0.012,345.88,0.0,345.88,0.865,INNER_CRITICAL_ZONE,PERSON,BFSR_01
T_1027,160,00:00:06,386.97,262.21,1.0,0.012,347.64,0.038,46.92,0.863,INNER_CRITICAL_ZONE,PERSON,BFSR_01
T_1027,161,00:00:06,386.84,262.08,0.84,0.01,354.33,0.201,135.77,0.841,INNER_CRITICAL_ZONE,PERSON,BFSR_01
T_1027,162,00:00:06,386.84,262.08,0.84,0.01,354.33,0.0,354.33,0.841,INNER_CRITICAL_ZONE,PERSON,BFSR_01
T_1027,163,00:00:06,386.55,262.05,0.55,0.01,354.63,0.32,173.78,0.772,INNER_CRITICAL_ZONE,PERSON,BFSR_01
T_1027,164,00:00:06,386.55,262.05,0.55,0.01,354.63,0.0,354.63,0.772,INNER_CRITICAL_ZONE,PERSON,BFSR_01
T_1027,165,00:00:06,386.55,262.05,0.55,0.01,354.63,0.0,354.63,0.772,INNER_CRITICAL_ZONE,PERSON,BFSR_01
T_1027,166,00:00:06,386.38,262.0,0.38,0.01,0.57,0.19,161.81,0.839,INNER_CRITICAL_ZONE,PERSON,BFSR_01
T_1027,167,00:00:06,386.38,262.0,0.38,0.01,0.57,0.0,0.57,0.839,INNER_CRITICAL_ZONE,PERSON,BFSR_01
T_1027,168,00:00:07,385.98,262.17,0.17,0.01,263.16,0.469,203.36,0.846,INNER_CRITICAL_ZONE,PERSON,BFSR_01
T_1027,169,00:00:07,385.98,262.17,0.17,0.01,263.16,0.0,263.16,0.846,INNER_CRITICAL_ZONE,PERSON,BFSR_01
T_1027,170,00:00:07,385.79,262.03,0.21,0.01,188.82,0.249,143.66,0.863,INNER_CRITICAL_ZONE,PERSON,BFSR_01
T_1027,171,00:00:07,385.79,262.03,0.21,0.01,188.82,0.0,188.82,0.863,INNER_CRITICAL_ZONE,PERSON,BFSR_01
T_1027,172,00:00:07,385.78,262.07,0.23,0.01,197.61,0.045,248.1,0.864,INNER_CRITICAL_ZONE,PERSON,BFSR_01
T_1027,173,00:00:07,385.78,262.07,0.23,0.01,197.61,0.0,197.61,0.865,INNER_CRITICAL_ZONE,PERSON,BFSR_01
T_1027,174,00:00:07,385.78,262.07,0.23,0.01,197.61,0.0,197.61,0.865,INNER_CRITICAL_ZONE,PERSON,BFSR_01
T_1027,175,00:00:07,385.78,262.07,0.23,0.01,197.61,0.0,197.61,0.865,INNER_CRITICAL_ZONE,PERSON,BFSR_01
T_1027,176,00:00:07,385.78,262.07,0.23,0.01,197.61,0.0,197.61,0.865,INNER_CRITICAL_ZONE,PERSON,BFSR_01
T_1027,177,00:00:07,385.78,262.07,0.23,0.01,197.61,0.0,197.61,0.866,INNER_CRITICAL_ZONE,PERSON,BFSR_01
T_1027,178,00:00:07,385.91,262.94,0.95,0.011,264.52,0.955,278.48,0.807,INNER_CRITICAL_ZONE,PERSON,BFSR_01
T_1027,181,00:00:07,385.81,262.91,0.93,0.011,258.32,0.037,162.72,0.81,INNER_CRITICAL_ZONE,PERSON,BFSR_01
T_1027,182,00:00:07,385.77,262.62,0.66,0.01,250.04,0.32,97.03,0.848,INNER_CRITICAL_ZONE,PERSON,BFSR_01
T_1027,183,00:00:07,385.67,262.32,0.46,0.01,224.18,0.342,109.36,0.864,INNER_CRITICAL_ZONE,PERSON,BFSR_01
T_1027,189,00:00:07,385.56,262.45,0.63,0.01,225.6,0.031,229.38,0.867,INNER_CRITICAL_ZONE,PERSON,BFSR_01
T_1027,190,00:00:07,385.32,262.89,1.12,0.013,232.58,0.537,241.49,0.863,INNER_CRITICAL_ZONE,PERSON,BFSR_01
T_1027,191,00:00:07,385.0,263.36,1.69,0.02,233.54,0.613,235.44,0.642,INNER_CRITICAL_ZONE,PERSON,BFSR_01
T_1027,192,00:00:08,385.29,262.76,1.04,0.013,226.81,0.717,64.15,0.869,INNER_CRITICAL_ZONE,PERSON,BFSR_01
T_1027,194,00:00:08,385.02,262.89,1.33,0.016,222.08,0.162,205.42,0.853,INNER_CRITICAL_ZONE,PERSON,BFSR_01
T_1027,195,00:00:08,382.68,265.46,4.8,0.058,226.21,3.752,227.79,0.514,INNER_CRITICAL_ZONE,PERSON,BFSR_01
T_1027,196,00:00:08,384.15,263.73,2.53,0.03,222.96,2.452,49.84,0.593,INNER_CRITICAL_ZONE,PERSON,BFSR_01
T_1027,197,00:00:08,384.95,262.89,1.38,0.017,220.35,1.254,46.05,0.86,INNER_CRITICAL_ZONE,PERSON,BFSR_01
T_1027,198,00:00:08,384.6,263.15,1.81,0.022,219.36,0.468,216.2,0.796,INNER_CRITICAL_ZONE,PERSON,BFSR_01
T_1027,199,00:00:08,384.63,262.97,1.67,0.02,215.3,0.197,79.83,0.767,INNER_CRITICAL_ZONE,PERSON,BFSR_01
T_1027,200,00:00:08,385.07,262.51,1.07,0.013,208.71,0.677,46.54,0.869,INNER_CRITICAL_ZONE,PERSON,BFSR_01
T_1027,201,00:00:08,385.09,262.41,1.0,0.012,204.39,0.107,78.47,0.871,INNER_CRITICAL_ZONE,PERSON,BFSR_01
T_1027,202,00:00:08,385.09,262.41,1.0,0.012,204.39,0.0,204.39,0.871,INNER_CRITICAL_ZONE,PERSON,BFSR_01
T_1027,203,00:00:08,385.15,262.35,0.92,0.011,202.31,0.102,45.0,0.867,INNER_CRITICAL_ZONE,PERSON,BFSR_01
T_1027,204,00:00:08,385.15,262.35,0.92,0.011,202.31,0.0,202.31,0.866,INNER_CRITICAL_ZONE,PERSON,BFSR_01
T_1027,205,00:00:08,385.01,262.41,1.07,0.013,202.32,0.166,202.4,0.869,INNER_CRITICAL_ZONE,PERSON,BFSR_01
T_1027,206,00:00:08,385.11,262.32,0.94,0.011,199.61,0.149,41.06,0.869,INNER_CRITICAL_ZONE,PERSON,BFSR_01
T_1027,207,00:00:08,385.11,262.32,0.94,0.011,199.61,0.0,199.61,0.868,INNER_CRITICAL_ZONE,PERSON,BFSR_01
T_1027,208,00:00:08,384.41,262.53,1.68,0.02,198.4,0.797,196.86,0.76,INNER_CRITICAL_ZONE,PERSON,BFSR_01
T_1027,209,00:00:08,384.9,262.31,1.15,0.014,195.85,0.578,23.86,0.835,INNER_CRITICAL_ZONE,PERSON,BFSR_01
T_1027,210,00:00:08,384.97,261.99,1.03,0.012,179.65,0.353,77.48,0.822,INNER_CRITICAL_ZONE,PERSON,BFSR_01
T_1027,211,00:00:08,384.87,261.97,1.13,0.014,178.62,0.113,168.36,0.852,INNER_CRITICAL_ZONE,PERSON,BFSR_01
T_1027,212,00:00:08,384.17,261.98,1.83,0.022,179.41,0.75,180.7,0.73,INNER_CRITICAL_ZONE,PERSON,BFSR_01
T_1027,213,00:00:08,384.68,261.74,1.35,0.016,168.9,0.606,25.37,0.82,INNER_CRITICAL_ZONE,PERSON,BFSR_01
T_1027,214,00:00:08,384.51,261.94,1.49,0.018,177.52,0.277,229.5,0.844,INNER_CRITICAL_ZONE,PERSON,BFSR_01
T_1027,215,00:00:08,384.56,261.98,1.44,0.017,179.1,0.065,315.89,0.833,INNER_CRITICAL_ZONE,PERSON,BFSR_01
T_1027,216,00:00:09,384.85,261.98,1.15,0.014,179.0,0.32,359.45,0.845,INNER_CRITICAL_ZONE,PERSON,BFSR_01
T_1027,217,00:00:09,384.79,261.94,1.21,0.015,177.09,0.083,147.22,0.851,INNER_CRITICAL_ZONE,PERSON,BFSR_01
T_1027,218,00:00:09,384.39,261.88,1.62,0.019,175.85,0.438,172.12,0.778,INNER_CRITICAL_ZONE,PERSON,BFSR_01
T_1027,219,00:00:09,384.58,261.91,1.43,0.017,176.44,0.207,351.47,0.823,INNER_CRITICAL_ZONE,PERSON,BFSR_01
T_1027,220,00:00:09,384.79,261.94,1.21,0.015,177.09,0.231,352.71,0.853,INNER_CRITICAL_ZONE,PERSON,BFSR_01
T_1027,221,00:00:09,384.53,261.72,1.5,0.018,169.43,0.365,140.75,0.864,INNER_CRITICAL_ZONE,PERSON,BFSR_01
T_1027,225,00:00:09,385.08,261.57,1.02,0.012,154.71,0.156,16.0,0.822,INNER_CRITICAL_ZONE,PERSON,BFSR_01
T_1027,233,00:00:09,385.19,260.75,1.49,0.018,123.02,0.111,82.72,0.768,INNER_CRITICAL_ZONE,PERSON,BFSR_01
T_1027,234,00:00:09,385.39,261.13,1.06,0.013,125.0,0.47,298.17,0.84,INNER_CRITICAL_ZONE,PERSON,BFSR_01
T_1027,238,00:00:09,385.67,261.59,0.52,0.01,128.75,0.146,301.37,0.867,INNER_CRITICAL_ZONE,PERSON,BFSR_01
T_1028,0,00:00:00,538.58,100.52,222.16,2.666,46.62,0.0,46.62,0.728,OUTER_MONITORING,PERSON,BFSR_01
T_1028,1,00:00:00,538.72,100.48,222.29,2.667,46.6,0.158,17.13,0.727,OUTER_MONITORING,PERSON,BFSR_01
T_1028,2,00:00:00,538.61,100.53,222.18,2.666,46.62,0.126,205.02,0.728,OUTER_MONITORING,PERSON,BFSR_01
T_1028,3,00:00:00,538.54,100.52,222.13,2.666,46.63,0.084,172.14,0.732,OUTER_MONITORING,PERSON,BFSR_01
T_1028,4,00:00:00,538.71,100.31,222.4,2.669,46.64,0.294,51.48,0.732,OUTER_MONITORING,PERSON,BFSR_01
T_1028,5,00:00:00,538.54,100.53,222.13,2.666,46.63,0.303,234.01,0.734,OUTER_MONITORING,PERSON,BFSR_01
T_1028,6,00:00:00,538.61,100.54,222.17,2.666,46.61,0.073,352.39,0.735,OUTER_MONITORING,PERSON,BFSR_01
T_1028,7,00:00:00,538.71,100.44,222.31,2.668,46.61,0.153,43.76,0.736,OUTER_MONITORING,PERSON,BFSR_01
T_1028,8,00:00:00,538.73,100.48,222.29,2.668,46.6,0.045,295.4,0.736,OUTER_MONITORING,PERSON,BFSR_01
T_1028,9,00:00:00,538.59,100.59,222.12,2.665,46.61,0.192,218.19,0.735,OUTER_MONITORING,PERSON,BFSR_01
T_1028,10,00:00:00,538.58,100.55,222.15,2.666,46.62,0.047,95.05,0.736,OUTER_MONITORING,PERSON,BFSR_01
T_1028,11,00:00:00,538.58,100.63,222.08,2.665,46.6,0.089,268.66,0.737,OUTER_MONITORING,PERSON,BFSR_01
T_1028,12,00:00:00,538.54,100.4,222.22,2.667,46.65,0.25,99.75,0.736,OUTER_MONITORING,PERSON,BFSR_01
T_1028,13,00:00:00,538.78,100.47,222.33,2.668,46.59,0.266,343.18,0.735,OUTER_MONITORING,PERSON,BFSR_01
T_1028,14,00:00:00,538.64,100.42,222.28,2.667,46.63,0.161,158.87,0.736,OUTER_MONITORING,PERSON,BFSR_01
T_1028,15,00:00:00,538.57,100.44,222.22,2.667,46.64,0.073,195.66,0.736,OUTER_MONITORING,PERSON,BFSR_01
T_1028,16,00:00:00,538.54,100.39,222.23,2.667,46.65,0.062,127.68,0.736,OUTER_MONITORING,PERSON,BFSR_01
T_1028,17,00:00:00,538.54,100.39,222.23,2.667,46.66,0.007,46.66,0.736,OUTER_MONITORING,PERSON,BFSR_01
T_1028,18,00:00:00,538.49,100.51,222.11,2.665,46.64,0.142,248.87,0.736,OUTER_MONITORING,PERSON,BFSR_01
T_1028,19,00:00:00,538.51,100.45,222.16,2.666,46.65,0.067,69.73,0.736,OUTER_MONITORING,PERSON,BFSR_01
T_1028,20,00:00:00,538.6,100.48,222.21,2.666,46.63,0.1,343.72,0.735,OUTER_MONITORING,PERSON,BFSR_01
T_1028,21,00:00:00,538.6,100.48,222.21,2.666,46.63,0.0,46.63,0.735,OUTER_MONITORING,PERSON,BFSR_01
T_1028,22,00:00:00,538.63,100.6,222.14,2.666,46.6,0.135,283.58,0.736,OUTER_MONITORING,PERSON,BFSR_01
T_1028,23,00:00:00,538.46,100.58,222.03,2.664,46.64,0.186,175.0,0.736,OUTER_MONITORING,PERSON,BFSR_01
T_1028,24,00:00:01,538.59,100.61,222.11,2.665,46.6,0.152,349.12,0.736,OUTER_MONITORING,PERSON,BFSR_01
T_1028,25,00:00:01,538.53,100.57,222.09,2.665,46.62,0.081,149.98,0.736,OUTER_MONITORING,PERSON,BFSR_01
T_1028,26,00:00:01,538.6,100.55,222.16,2.666,46.61,0.081,19.82,0.735,OUTER_MONITORING,PERSON,BFSR_01
T_1028,27,00:00:01,538.58,100.52,222.16,2.666,46.62,0.037,129.36,0.735,OUTER_MONITORING,PERSON,BFSR_01
T_1028,28,00:00:01,538.49,100.48,222.13,2.666,46.65,0.105,153.63,0.734,OUTER_MONITORING,PERSON,BFSR_01
T_1028,29,00:00:01,538.52,100.56,222.09,2.665,46.63,0.093,288.07,0.733,OUTER_MONITORING,PERSON,BFSR_01
T_1028,30,00:00:01,538.53,100.5,222.14,2.666,46.64,0.065,76.77,0.732,OUTER_MONITORING,PERSON,BFSR_01
T_1028,31,00:00:01,538.54,100.71,222.0,2.664,46.6,0.227,272.53,0.732,OUTER_MONITORING,PERSON,BFSR_01
T_1028,32,00:00:01,533.39,94.54,223.08,2.677,48.65,8.682,129.87,0.633,OUTER_MONITORING,PERSON,BFSR_01
T_1028,33,00:00:01,532.97,94.18,223.08,2.677,48.79,0.6,138.76,0.642,OUTER_MONITORING,PERSON,BFSR_01
T_1028,34,00:00:01,538.63,100.69,222.07,2.665,46.58,9.317,310.96,0.726,OUTER_MONITORING,PERSON,BFSR_01
T_1028,35,00:00:01,538.53,100.51,222.14,2.666,46.64,0.225,118.06,0.722,OUTER_MONITORING,PERSON,BFSR_01
T_1028,36,00:00:01,538.58,100.56,222.13,2.666,46.62,0.075,313.48,0.723,OUTER_MONITORING,PERSON,BFSR_01
T_1028,37,00:00:01,538.65,100.63,222.13,2.666,46.59,0.117,315.62,0.718,OUTER_MONITORING,PERSON,BFSR_01
T_1028,38,00:00:01,538.66,100.94,221.91,2.663,46.53,0.327,271.13,0.714,OUTER_MONITORING,PERSON,BFSR_01
T_1028,39,00:00:01,538.73,100.72,222.12,2.665,46.56,0.246,71.16,0.707,OUTER_MONITORING,PERSON,BFSR_01
T_1028,40,00:00:01,538.57,100.56,222.13,2.666,46.62,0.249,135.13,0.706,OUTER_MONITORING,PERSON,BFSR_01
T_1028,53,00:00:02,555.5,64.31,260.4,3.125,49.39,3.323,64.96,0.897,OUTER_MONITORING,PERSON,BFSR_01
T_1028,54,00:00:02,554.56,65.1,259.2,3.11,49.43,1.32,220.1,0.896,OUTER_MONITORING,PERSON,BFSR_01
T_1028,55,00:00:02,554.0,66.21,257.99,3.096,49.37,1.345,243.02,0.891,OUTER_MONITORING,PERSON,BFSR_01
T_1028,56,00:00:02,553.47,67.16,256.92,3.083,49.32,1.176,240.82,0.899,OUTER_MONITORING,PERSON,BFSR_01
T_1028,57,00:00:02,552.91,68.08,255.86,3.07,49.28,1.161,238.36,0.897,OUTER_MONITORING,PERSON,BFSR_01
T_1028,58,00:00:02,552.08,69.08,254.56,3.055,49.27,1.404,230.8,0.898,OUTER_MONITORING,PERSON,BFSR_01
T_1028,59,00:00:02,551.46,70.06,253.41,3.041,49.24,1.25,237.49,0.897,OUTER_MONITORING,PERSON,BFSR_01
T_1028,60,00:00:02,550.56,71.97,251.38,3.017,49.11,2.278,244.78,0.898,OUTER_MONITORING,PERSON,BFSR_01
T_1028,61,00:00:02,549.74,73.05,250.03,3.0,49.09,1.468,232.54,0.901,OUTER_MONITORING,PERSON,BFSR_01
T_1028,62,00:00:02,549.3,73.66,249.27,2.991,49.07,0.818,234.63,0.898,OUTER_MONITORING,PERSON,BFSR_01
T_1028,63,00:00:02,548.71,74.42,248.32,2.98,49.06,1.035,232.1,0.896,OUTER_MONITORING,PERSON,BFSR_01
T_1028,64,00:00:02,548.4,75.4,247.37,2.968,48.97,1.112,252.64,0.735,OUTER_MONITORING,PERSON,BFSR_01
T_1028,65,00:00:02,547.7,76.36,246.2,2.954,48.94,1.276,233.75,0.734,OUTER_MONITORING,PERSON,BFSR_01
T_1028,66,00:00:02,547.29,77.29,245.22,2.943,48.87,1.103,246.04,0.73,OUTER_MONITORING,PERSON,BFSR_01
T_1028,67,00:00:02,546.67,78.06,244.23,2.931,48.86,1.064,231.21,0.732,OUTER_MONITORING,PERSON,BFSR_01
T_1028,68,00:00:02,546.23,78.97,243.26,2.919,48.8,1.092,243.89,0.728,OUTER_MONITORING,PERSON,BFSR_01
T_1028,69,00:00:02,545.93,79.83,242.41,2.909,48.72,0.986,251.28,0.725,OUTER_MONITORING,PERSON,BFSR_01
T_1028,70,00:00:02,545.5,80.5,241.62,2.899,48.69,0.862,237.06,0.882,OUTER_MONITORING,PERSON,BFSR_01
T_1028,71,00:00:02,545.33,80.87,241.24,2.895,48.66,0.435,244.95,0.878,OUTER_MONITORING,PERSON,BFSR_01
T_1028,72,00:00:03,544.66,82.0,239.94,2.879,48.61,1.424,239.39,0.872,OUTER_MONITORING,PERSON,BFSR_01
T_1028,73,00:00:03,544.36,82.65,239.26,2.871,48.56,0.775,245.51,0.836,OUTER_MONITORING,PERSON,BFSR_01
T_1029,4,00:00:00,472.67,50.01,229.02,2.748,67.76,0.0,67.76,0.88,OUTER_MONITORING,PERSON,BFSR_01
T_1029,5,00:00:00,472.87,49.87,229.23,2.751,67.73,0.268,36.91,0.886,OUTER_MONITORING,PERSON,BFSR_01
T_1029,6,00:00:00,472.79,49.91,229.16,2.75,67.75,0.099,211.16,0.892,OUTER_MONITORING,PERSON,BFSR_01
T_1029,7,00:00:00,472.74,49.95,229.1,2.749,67.75,0.069,218.92,0.891,OUTER_MONITORING,PERSON,BFSR_01
T_1029,8,00:00:00,472.83,49.74,229.34,2.752,67.75,0.254,67.31,0.892,OUTER_MONITORING,PERSON,BFSR_01
T_1029,9,00:00:00,472.8,49.75,229.31,2.752,67.76,0.038,205.52,0.893,OUTER_MONITORING,PERSON,BFSR_01
T_1029,10,00:00:00,472.59,49.88,229.11,2.749,67.79,0.264,211.99,0.893,OUTER_MONITORING,PERSON,BFSR_01
T_1029,11,00:00:00,472.61,49.65,229.34,2.752,67.81,0.252,84.29,0.893,OUTER_MONITORING,PERSON,BFSR_01
T_1029,12,00:00:00,472.54,49.63,229.32,2.752,67.83,0.076,168.1,0.895,OUTER_MONITORING,PERSON,BFSR_01
T_1029,13,00:00:00,472.58,49.71,229.26,2.751,67.81,0.092,293.58,0.894,OUTER_MONITORING,PERSON,BFSR_01
T_1029,14,00:00:00,472.53,49.57,229.38,2.753,67.84,0.164,108.43,0.893,OUTER_MONITORING,PERSON,BFSR_01
T_1029,15,00:00:00,472.64,49.65,229.35,2.752,67.8,0.146,324.11,0.891,OUTER_MONITORING,PERSON,BFSR_01
T_1029,16,00:00:00,472.52,49.6,229.34,2.752,67.84,0.138,160.29,0.891,OUTER_MONITORING,PERSON,BFSR_01
T_1029,17,00:00:00,472.53,49.62,229.33,2.752,67.83,0.016,295.27,0.891,OUTER_MONITORING,PERSON,BFSR_01
T_1029,18,00:00:00,472.63,49.52,229.46,2.754,67.82,0.154,43.7,0.893,OUTER_MONITORING,PERSON,BFSR_01
T_1029,19,00:00:00,472.59,49.68,229.3,2.752,67.81,0.181,256.33,0.894,OUTER_MONITORING,PERSON,BFSR_01
T_1029,20,00:00:00,472.65,49.56,229.43,2.753,67.81,0.144,64.09,0.894,OUTER_MONITORING,PERSON,BFSR_01
T_1029,21,00:00:00,472.67,49.77,229.25,2.751,67.79,0.224,276.24,0.892,OUTER_MONITORING,PERSON,BFSR_01
T_1029,22,00:00:00,472.67,49.77,229.25,2.751,67.79,0.0,67.79,0.892,OUTER_MONITORING,PERSON,BFSR_01
T_1029,23,00:00:00,472.67,49.77,229.25,2.751,67.79,0.0,67.79,0.892,OUTER_MONITORING,PERSON,BFSR_01
T_1029,24,00:00:01,472.85,49.5,229.57,2.755,67.77,0.35,56.78,0.892,OUTER_MONITORING,PERSON,BFSR_01
T_1029,25,00:00:01,472.86,49.43,229.63,2.756,67.78,0.077,83.23,0.892,OUTER_MONITORING,PERSON,BFSR_01
T_1029,26,00:00:01,472.86,49.43,229.63,2.756,67.78,0.0,67.78,0.892,OUTER_MONITORING,PERSON,BFSR_01
T_1029,27,00:00:01,472.86,49.43,229.63,2.756,67.78,0.0,67.78,0.892,OUTER_MONITORING,PERSON,BFSR_01
T_1029,28,00:00:01,472.86,49.43,229.63,2.756,67.78,0.0,67.78,0.892,OUTER_MONITORING,PERSON,BFSR_01
T_1029,29,00:00:01,472.81,49.41,229.63,2.756,67.79,0.05,158.83,0.892,OUTER_MONITORING,PERSON,BFSR_01
T_1029,30,00:00:01,472.77,49.42,229.61,2.755,67.8,0.048,191.9,0.892,OUTER_MONITORING,PERSON,BFSR_01
T_1029,31,00:00:01,472.72,49.49,229.53,2.754,67.8,0.092,232.22,0.893,OUTER_MONITORING,PERSON,BFSR_01
T_1029,32,00:00:01,472.72,49.49,229.53,2.754,67.8,0.0,67.8,0.893,OUTER_MONITORING,PERSON,BFSR_01
T_1029,33,00:00:01,472.72,49.52,229.5,2.754,67.8,0.035,265.7,0.891,OUTER_MONITORING,PERSON,BFSR_01
T_1029,34,00:00:01,472.72,49.52,229.5,2.754,67.8,0.0,67.8,0.891,OUTER_MONITORING,PERSON,BFSR_01
T_1029,35,00:00:01,472.76,49.54,229.5,2.754,67.79,0.05,337.95,0.89,OUTER_MONITORING,PERSON,BFSR_01
T_1029,36,00:00:01,472.7,49.42,229.58,2.755,67.81,0.139,114.53,0.89,OUTER_MONITORING,PERSON,BFSR_01
T_1029,37,00:00:01,472.89,49.5,229.57,2.755,67.76,0.216,334.44,0.889,OUTER_MONITORING,PERSON,BFSR_01
T_1029,38,00:00:01,472.96,49.61,229.5,2.754,67.73,0.141,306.28,0.884,OUTER_MONITORING,PERSON,BFSR_01
T_1029,39,00:00:01,472.93,49.76,229.35,2.752,67.73,0.165,257.84,0.883,OUTER_MONITORING,PERSON,BFSR_01
T_1029,40,00:00:01,472.76,49.55,229.49,2.754,67.79,0.291,128.31,0.881,OUTER_MONITORING,PERSON,BFSR_01
T_1029,41,00:00:01,472.95,49.69,229.42,2.753,67.73,0.256,322.41,0.879,OUTER_MONITORING,PERSON,BFSR_01
T_1029,42,00:00:01,473.05,49.81,229.35,2.752,67.69,0.169,311.6,0.873,OUTER_MONITORING,PERSON,BFSR_01
T_1029,43,00:00:01,472.67,49.59,229.41,2.753,67.8,0.476,149.91,0.863,OUTER_MONITORING,PERSON,BFSR_01
T_1029,44,00:00:01,472.97,49.81,229.32,2.752,67.71,0.397,323.44,0.852,OUTER_MONITORING,PERSON,BFSR_01
T_1030,18,00:00:00,542.32,135.75,200.93,2.411,38.93,0.0,38.93,0.894,MID_DEFENSE_LAYER,PERSON,BFSR_01
T_1030,19,00:00:00,543.5,135.19,202.21,2.426,38.84,1.413,25.27,0.907,MID_DEFENSE_LAYER,PERSON,BFSR_01
T_1030,20,00:00:00,544.3,134.7,203.13,2.438,38.81,1.011,31.44,0.899,MID_DEFENSE_LAYER,PERSON,BFSR_01
T_1030,21,00:00:00,545.41,133.9,204.5,2.454,38.78,1.479,35.7,0.903,MID_DEFENSE_LAYER,PERSON,BFSR_01
T_1030,22,00:00:00,546.72,133.44,205.82,2.47,38.66,1.503,19.39,0.895,MID_DEFENSE_LAYER,PERSON,BFSR_01
T_1030,23,00:00:00,547.9,132.75,207.16,2.486,38.6,1.468,30.3,0.869,MID_DEFENSE_LAYER,PERSON,BFSR_01
T_1030,24,00:00:01,549.0,132.13,208.41,2.501,38.55,1.369,29.57,0.86,MID_DEFENSE_LAYER,PERSON,BFSR_01
T_1030,25,00:00:01,549.99,131.48,209.59,2.515,38.52,1.277,33.0,0.783,MID_DEFENSE_LAYER,PERSON,BFSR_01
T_1030,26,00:00:01,551.5,131.01,211.06,2.533,38.36,1.704,17.51,0.79,OUTER_MONITORING,PERSON,BFSR_01
T_1030,27,00:00:01,552.47,130.35,212.24,2.547,38.34,1.274,34.07,0.735,OUTER_MONITORING,PERSON,BFSR_01
T_1030,28,00:00:01,554.29,129.32,214.3,2.572,38.25,2.255,29.68,0.737,OUTER_MONITORING,PERSON,BFSR_01
T_1030,29,00:00:01,557.13,127.43,217.7,2.612,38.18,3.681,33.52,0.68,OUTER_MONITORING,PERSON,BFSR_01
T_1030,30,00:00:01,558.14,126.69,218.96,2.627,38.17,1.357,36.21,0.774,OUTER_MONITORING,PERSON,BFSR_01
T_1030,31,00:00:01,558.54,126.2,219.57,2.635,38.21,0.685,51.08,0.847,OUTER_MONITORING,PERSON,BFSR_01
T_1030,32,00:00:01,559.17,125.99,220.19,2.642,38.15,0.709,18.16,0.892,OUTER_MONITORING,PERSON,BFSR_01
T_1030,33,00:00:01,559.73,125.86,220.72,2.649,38.08,0.624,13.33,0.896,OUTER_MONITORING,PERSON,BFSR_01
T_1030,34,00:00:01,559.74,125.57,220.91,2.651,38.14,0.314,86.55,0.836,OUTER_MONITORING,PERSON,BFSR_01
T_1030,35,00:00:01,565.45,121.72,227.77,2.733,38.02,7.431,34.02,0.611,OUTER_MONITORING,PERSON,BFSR_01
T_1030,36,00:00:01,565.47,121.67,227.82,2.734,38.02,0.059,63.98,0.599,OUTER_MONITORING,PERSON,BFSR_01
T_1030,37,00:00:01,565.78,121.43,228.21,2.739,38.02,0.422,37.65,0.6,OUTER_MONITORING,PERSON,BFSR_01
T_1030,38,00:00:01,565.59,121.47,228.04,2.736,38.04,0.212,190.22,0.579,OUTER_MONITORING,PERSON,BFSR_01
T_1030,39,00:00:01,565.98,121.28,228.46,2.741,38.02,0.465,25.09,0.585,OUTER_MONITORING,PERSON,BFSR_01
T_1030,40,00:00:01,565.79,121.49,228.18,2.738,38.01,0.298,226.69,0.564,OUTER_MONITORING,PERSON,BFSR_01
T_1030,41,00:00:01,566.11,121.29,228.55,2.743,38.0,0.402,31.31,0.548,OUTER_MONITORING,PERSON,BFSR_01
T_1030,42,00:00:01,566.19,121.23,228.66,2.744,38.0,0.117,37.91,0.524,OUTER_MONITORING,PERSON,BFSR_01
T_1032,25,00:00:01,524.56,84.62,225.08,2.701,52.01,0.0,52.01,0.886,OUTER_MONITORING,PERSON,BFSR_01
T_1032,26,00:00:01,524.49,84.89,224.83,2.698,51.98,0.298,256.0,0.887,OUTER_MONITORING,PERSON,BFSR_01
T_1032,27,00:00:01,524.52,84.89,224.85,2.698,51.97,0.032,2.64,0.889,OUTER_MONITORING,PERSON,BFSR_01
T_1032,28,00:00:01,524.58,84.95,224.84,2.698,51.95,0.091,315.92,0.895,OUTER_MONITORING,PERSON,BFSR_01
T_1032,29,00:00:01,524.65,84.78,225.01,2.7,51.96,0.19,67.85,0.889,OUTER_MONITORING,PERSON,BFSR_01
T_1032,30,00:00:01,524.57,84.91,224.86,2.698,51.96,0.163,238.68,0.893,OUTER_MONITORING,PERSON,BFSR_01
T_1032,31,00:00:01,524.78,85.09,224.85,2.698,51.89,0.295,319.01,0.892,OUTER_MONITORING,PERSON,BFSR_01
T_1032,34,00:00:01,524.98,85.02,225.03,2.7,51.86,0.077,19.6,0.892,OUTER_MONITORING,PERSON,BFSR_01
T_1032,35,00:00:01,524.98,85.11,224.96,2.699,51.85,0.095,269.77,0.894,OUTER_MONITORING,PERSON,BFSR_01
T_1032,36,00:00:01,524.96,85.09,224.96,2.7,51.85,0.027,130.94,0.895,OUTER_MONITORING,PERSON,BFSR_01
T_1032,37,00:00:01,524.92,85.07,224.95,2.699,51.86,0.051,154.45,0.896,OUTER_MONITORING,PERSON,BFSR_01
T_1032,38,00:00:01,524.65,85.01,224.83,2.698,51.93,0.299,167.38,0.896,OUTER_MONITORING,PERSON,BFSR_01
T_1032,39,00:00:01,524.63,84.99,224.83,2.698,51.93,0.025,136.76,0.897,OUTER_MONITORING,PERSON,BFSR_01
T_1032,40,00:00:01,524.58,84.92,224.86,2.698,51.95,0.092,125.23,0.897,OUTER_MONITORING,PERSON,BFSR_01
T_1032,41,00:00:01,524.58,84.92,224.86,2.698,51.95,0.0,51.95,0.897,OUTER_MONITORING,PERSON,BFSR_01
T_1032,42,00:00:01,524.58,84.92,224.86,2.698,51.95,0.0,51.95,0.896,OUTER_MONITORING,PERSON,BFSR_01
T_1032,43,00:00:01,524.59,84.92,224.87,2.698,51.95,0.011,21.51,0.897,OUTER_MONITORING,PERSON,BFSR_01
T_1032,44,00:00:01,524.56,84.89,224.87,2.698,51.96,0.049,143.56,0.897,OUTER_MONITORING,PERSON,BFSR_01
T_1032,45,00:00:01,524.63,84.88,224.92,2.699,51.95,0.084,4.9,0.894,OUTER_MONITORING,PERSON,BFSR_01
T_1032,46,00:00:01,524.49,84.79,224.9,2.699,51.99,0.186,147.12,0.892,OUTER_MONITORING,PERSON,BFSR_01
T_1032,47,00:00:01,524.52,84.89,224.84,2.698,51.97,0.112,286.73,0.888,OUTER_MONITORING,PERSON,BFSR_01
T_1032,48,00:00:02,524.54,84.62,225.07,2.701,52.01,0.292,85.63,0.88,OUTER_MONITORING,PERSON,BFSR_01
T_1032,49,00:00:02,524.52,84.52,225.14,2.702,52.03,0.115,97.07,0.872,OUTER_MONITORING,PERSON,BFSR_01
T_1032,50,00:00:02,524.73,84.47,225.31,2.704,52.0,0.224,13.42,0.859,OUTER_MONITORING,PERSON,BFSR_01
T_1032,51,00:00:02,524.53,84.79,224.93,2.699,51.98,0.41,239.0,0.846,OUTER_MONITORING,PERSON,BFSR_01
T_1033,27,00:00:01,618.69,237.39,233.99,2.808,6.04,0.0,6.04,0.877,OUTER_MONITORING,PERSON,BFSR_01
T_1033,28,00:00:01,618.9,237.1,234.23,2.811,6.1,0.381,54.14,0.889,OUTER_MONITORING,PERSON,BFSR_01
T_1033,29,00:00:01,618.73,237.27,234.04,2.808,6.06,0.262,225.0,0.889,OUTER_MONITORING,PERSON,BFSR_01
T_1033,30,00:00:01,618.74,237.16,234.06,2.809,6.09,0.128,84.61,0.89,OUTER_MONITORING,PERSON,BFSR_01
T_1033,31,00:00:01,618.93,237.16,234.25,2.811,6.09,0.206,359.65,0.892,OUTER_MONITORING,PERSON,BFSR_01
T_1033,32,00:00:01,618.93,237.42,234.22,2.811,6.02,0.281,269.7,0.895,OUTER_MONITORING,PERSON,BFSR_01
T_1033,33,00:00:01,619.04,237.17,234.36,2.812,6.08,0.288,65.82,0.891,OUTER_MONITORING,PERSON,BFSR_01
T_1033,34,00:00:01,619.01,237.1,234.34,2.812,6.1,0.081,108.81,0.894,OUTER_MONITORING,PERSON,BFSR_01
T_1033,35,00:00:01,619.09,237.33,234.39,2.813,6.04,0.258,287.87,0.895,OUTER_MONITORING,PERSON,BFSR_01
T_1033,36,00:00:01,619.02,237.26,234.33,2.812,6.06,0.1,132.56,0.895,OUTER_MONITORING,PERSON,BFSR_01
T_1033,37,00:00:01,619.15,237.14,234.48,2.814,6.08,0.189,41.71,0.893,OUTER_MONITORING,PERSON,BFSR_01
T_1033,38,00:00:01,619.05,237.08,234.38,2.813,6.1,0.131,146.66,0.893,OUTER_MONITORING,PERSON,BFSR_01
T_1033,39,00:00:01,619.07,237.14,234.39,2.813,6.09,0.074,284.62,0.895,OUTER_MONITORING,PERSON,BFSR_01
T_1033,50,00:00:02,617.87,234.85,233.46,2.801,6.68,0.254,117.52,0.86,OUTER_MONITORING,PERSON,BFSR_01
T_1033,51,00:00:02,618.11,234.85,233.69,2.804,6.67,0.256,0.5,0.835,OUTER_MONITORING,PERSON,BFSR_01
T_1033,52,00:00:02,618.97,235.01,234.53,2.814,6.61,0.948,348.96,0.852,OUTER_MONITORING,PERSON,BFSR_01
T_1033,53,00:00:02,619.75,235.11,235.29,2.823,6.56,0.844,353.04,0.875,OUTER_MONITORING,PERSON,BFSR_01
T_1033,54,00:00:02,620.67,235.53,236.16,2.834,6.44,1.092,335.45,0.88,OUTER_MONITORING,PERSON,BFSR_01
T_1033,55,00:00:02,621.12,235.54,236.6,2.839,6.42,0.484,358.49,0.89,OUTER_MONITORING,PERSON,BFSR_01
T_1033,56,00:00:02,622.42,235.86,237.86,2.854,6.31,1.449,346.23,0.865,OUTER_MONITORING,PERSON,BFSR_01
T_1033,57,00:00:02,623.5,235.85,238.94,2.867,6.28,1.17,0.69,0.853,OUTER_MONITORING,PERSON,BFSR_01
T_1033,58,00:00:02,624.76,236.21,240.15,2.882,6.17,1.408,344.06,0.858,OUTER_MONITORING,PERSON,BFSR_01
T_1033,59,00:00:02,626.02,236.67,241.35,2.896,6.02,1.454,339.71,0.864,OUTER_MONITORING,PERSON,BFSR_01
T_1033,60,00:00:02,628.12,237.42,243.37,2.92,5.8,2.41,340.46,0.715,OUTER_MONITORING,PERSON,BFSR_01
T_1033,61,00:00:02,628.5,237.94,243.69,2.924,5.67,0.698,305.74,0.703,OUTER_MONITORING,PERSON,BFSR_01
T_1034,30,00:00:01,575.46,114.47,240.12,2.881,37.91,0.0,37.91,0.89,OUTER_MONITORING,PERSON,BFSR_01
T_1034,31,00:00:01,575.47,114.26,240.26,2.883,37.94,0.228,87.78,0.896,OUTER_MONITORING,PERSON,BFSR_01
T_1034,32,00:00:01,575.5,114.38,240.21,2.883,37.92,0.131,284.35,0.894,OUTER_MONITORING,PERSON,BFSR_01
T_1034,33,00:00:01,575.45,114.33,240.21,2.882,37.94,0.077,131.04,0.897,OUTER_MONITORING,PERSON,BFSR_01
T_1034,34,00:00:01,575.37,114.46,240.06,2.881,37.92,0.168,237.63,0.891,OUTER_MONITORING,PERSON,BFSR_01
T_1034,43,00:00:01,572.85,118.2,235.78,2.829,37.58,0.541,236.06,0.75,OUTER_MONITORING,PERSON,BFSR_01
T_1034,44,00:00:01,573.53,118.01,236.43,2.837,37.52,0.759,16.07,0.827,OUTER_MONITORING,PERSON,BFSR_01
T_1034,45,00:00:01,573.94,118.0,236.77,2.841,37.46,0.449,1.07,0.835,OUTER_MONITORING,PERSON,BFSR_01
T_1034,46,00:00:01,574.33,117.89,237.14,2.846,37.42,0.436,15.78,0.891,OUTER_MONITORING,PERSON,BFSR_01
T_1034,47,00:00:01,574.46,117.72,237.35,2.848,37.44,0.232,53.54,0.893,OUTER_MONITORING,PERSON,BFSR_01
T_1034,48,00:00:02,574.91,117.61,237.78,2.853,37.39,0.504,13.01,0.892,OUTER_MONITORING,PERSON,BFSR_01
T_1034,49,00:00:02,575.15,117.26,238.17,2.858,37.42,0.456,56.21,0.913,OUTER_MONITORING,PERSON,BFSR_01
T_1034,50,00:00:02,575.33,117.21,238.35,2.86,37.41,0.207,15.27,0.914,OUTER_MONITORING,PERSON,BFSR_01
T_1034,51,00:00:02,575.57,117.03,238.65,2.864,37.41,0.317,37.66,0.912,OUTER_MONITORING,PERSON,BFSR_01
T_1034,52,00:00:02,575.77,116.66,239.03,2.868,37.45,0.455,61.79,0.906,OUTER_MONITORING,PERSON,BFSR_01
T_1034,53,00:00:02,576.12,116.23,239.57,2.875,37.48,0.601,49.75,0.91,OUTER_MONITORING,PERSON,BFSR_01
T_1034,54,00:00:02,576.32,115.97,239.89,2.879,37.5,0.357,53.74,0.906,OUTER_MONITORING,PERSON,BFSR_01
T_1034,55,00:00:02,576.63,115.67,240.32,2.884,37.51,0.463,44.61,0.897,OUTER_MONITORING,PERSON,BFSR_01
T_1034,56,00:00:02,576.98,115.15,240.91,2.891,37.56,0.676,55.49,0.891,OUTER_MONITORING,PERSON,BFSR_01
T_1034,57,00:00:02,577.05,114.89,241.13,2.894,37.6,0.292,74.64,0.873,OUTER_MONITORING,PERSON,BFSR_01
T_1034,58,00:00:02,577.5,114.3,241.84,2.902,37.64,0.8,52.67,0.843,OUTER_MONITORING,PERSON,BFSR_01
T_1034,59,00:00:02,577.86,114.02,242.3,2.908,37.64,0.49,38.15,0.646,OUTER_MONITORING,PERSON,BFSR_01
T_1034,60,00:00:02,581.22,107.52,248.94,2.987,38.35,7.9,62.65,0.876,OUTER_MONITORING,PERSON,BFSR_01
T_1034,61,00:00:02,581.57,106.92,249.59,2.995,38.41,0.752,59.97,0.867,OUTER_MONITORING,PERSON,BFSR_01
T_1034,62,00:00:02,581.98,106.96,249.89,2.999,38.35,0.452,353.97,0.852,OUTER_MONITORING,PERSON,BFSR_01
T_1035,31,00:00:01,537.73,170.5,177.18,2.126,31.09,0.0,31.09,0.588,MID_DEFENSE_LAYER,PERSON,BFSR_01
T_1035,32,00:00:01,537.21,171.0,176.48,2.118,31.04,0.781,223.39,0.596,MID_DEFENSE_LAYER,PERSON,BFSR_01
T_1035,33,00:00:01,536.71,171.18,175.97,2.112,31.07,0.565,199.47,0.611,MID_DEFENSE_LAYER,PERSON,BFSR_01
T_1035,34,00:00:01,536.66,171.3,175.86,2.11,31.05,0.142,244.56,0.607,MID_DEFENSE_LAYER,PERSON,BFSR_01
T_1035,35,00:00:01,536.89,171.15,176.13,2.114,31.05,0.299,32.67,0.569,MID_DEFENSE_LAYER,PERSON,BFSR_01
T_1035,36,00:00:01,536.89,171.15,176.13,2.114,31.05,0.0,31.05,0.567,MID_DEFENSE_LAYER,PERSON,BFSR_01
T_1036,31,00:00:01,584.55,222.6,202.42,2.429,11.23,0.0,11.23,0.499,MID_DEFENSE_LAYER,PERSON,BFSR_01
T_1036,32,00:00:01,586.7,223.23,204.41,2.453,10.93,2.42,343.59,0.534,MID_DEFENSE_LAYER,PERSON,BFSR_01
T_1036,33,00:00:01,589.03,224.11,206.53,2.478,10.57,2.689,339.33,0.625,MID_DEFENSE_LAYER,PERSON,BFSR_01
T_1036,34,00:00:01,590.82,224.76,208.18,2.498,10.3,2.066,339.89,0.702,MID_DEFENSE_LAYER,PERSON,BFSR_01
T_1036,35,00:00:01,591.76,225.35,209.0,2.508,10.1,1.19,327.98,0.69,MID_DEFENSE_LAYER,PERSON,BFSR_01
T_1036,36,00:00:01,591.39,225.4,208.62,2.503,10.1,0.401,188.2,0.683,MID_DEFENSE_LAYER,PERSON,BFSR_01
T_1036,37,00:00:01,592.12,225.62,209.3,2.512,10.01,0.822,343.0,0.695,MID_DEFENSE_LAYER,PERSON,BFSR_01
T_1036,38,00:00:01,593.54,226.24,210.6,2.527,9.78,1.68,336.68,0.747,OUTER_MONITORING,PERSON,BFSR_01
T_1036,39,00:00:01,594.14,226.43,211.16,2.534,9.7,0.676,342.06,0.694,OUTER_MONITORING,PERSON,BFSR_01
T_1036,40,00:00:01,604.53,230.94,220.73,2.649,8.09,12.238,336.54,0.573,OUTER_MONITORING,PERSON,BFSR_01
T_1036,41,00:00:01,605.04,231.03,221.22,2.655,8.05,0.557,350.92,0.603,OUTER_MONITORING,PERSON,BFSR_01
T_1036,42,00:00:01,605.7,231.35,221.83,2.662,7.94,0.792,333.67,0.608,OUTER_MONITORING,PERSON,BFSR_01
T_1036,43,00:00:01,605.72,231.42,221.84,2.662,7.92,0.077,286.99,0.618,OUTER_MONITORING,PERSON,BFSR_01
T_1036,44,00:00:01,606.1,231.69,222.17,2.666,7.84,0.498,324.61,0.614,OUTER_MONITORING,PERSON,BFSR_01
T_1036,45,00:00:01,606.29,231.73,222.36,2.668,7.82,0.214,347.24,0.604,OUTER_MONITORING,PERSON,BFSR_01
T_1036,46,00:00:01,606.52,231.81,222.58,2.671,7.8,0.266,341.1,0.612,OUTER_MONITORING,PERSON,BFSR_01
T_1036,47,00:00:01,606.64,231.92,222.68,2.672,7.76,0.178,316.65,0.608,OUTER_MONITORING,PERSON,BFSR_01
T_1036,48,00:00:02,606.91,231.83,222.96,2.675,7.78,0.301,18.82,0.59,OUTER_MONITORING,PERSON,BFSR_01
T_1036,49,00:00:02,607.56,231.96,223.59,2.683,7.72,0.719,348.88,0.583,OUTER_MONITORING,PERSON,BFSR_01
T_1037,43,00:00:01,544.48,130.59,205.88,2.471,39.67,0.0,39.67,0.877,MID_DEFENSE_LAYER,PERSON,BFSR_01
T_1037,44,00:00:01,543.12,131.25,204.4,2.453,39.77,1.636,206.17,0.883,MID_DEFENSE_LAYER,PERSON,BFSR_01
T_1037,45,00:00:01,541.61,131.61,203.02,2.436,39.96,1.672,193.21,0.896,MID_DEFENSE_LAYER,PERSON,BFSR_01
T_1037,46,00:00:01,540.06,132.03,201.56,2.419,40.15,1.737,195.09,0.883,MID_DEFENSE_LAYER,PERSON,BFSR_01
T_1037,47,00:00:01,539.02,132.57,200.41,2.405,40.23,1.274,207.7,0.895,MID_DEFENSE_LAYER,PERSON,BFSR_01
T_1037,48,00:00:02,537.58,133.07,199.0,2.388,40.39,1.643,198.83,0.895,MID_DEFENSE_LAYER,PERSON,BFSR_01
T_1037,49,00:00:02,536.39,133.61,197.73,2.373,40.49,1.416,204.75,0.736,MID_DEFENSE_LAYER,PERSON,BFSR_01
T_1037,50,00:00:02,535.21,134.16,196.49,2.358,40.59,1.399,204.83,0.735,MID_DEFENSE_LAYER,PERSON,BFSR_01
T_1037,51,00:00:02,533.94,134.86,195.07,2.341,40.68,1.564,209.0,0.731,MID_DEFENSE_LAYER,PERSON,BFSR_01
T_1037,52,00:00:02,532.58,135.07,193.9,2.327,40.89,1.493,188.53,0.735,MID_DEFENSE_LAYER,PERSON,BFSR_01
T_1037,53,00:00:02,531.53,135.78,192.64,2.312,40.94,1.368,214.11,0.734,MID_DEFENSE_LAYER,PERSON,BFSR_01
T_1037,54,00:00:02,530.43,135.98,191.68,2.3,41.11,1.203,190.41,0.896,MID_DEFENSE_LAYER,PERSON,BFSR_01
T_1037,55,00:00:02,529.5,136.5,190.64,2.288,41.17,1.154,209.28,0.899,MID_DEFENSE_LAYER,PERSON,BFSR_01
T_1037,56,00:00:02,528.25,136.83,189.48,2.274,41.35,1.397,194.79,0.893,MID_DEFENSE_LAYER,PERSON,BFSR_01
T_1037,57,00:00:02,527.2,137.39,188.32,2.26,41.43,1.286,208.27,0.895,MID_DEFENSE_LAYER,PERSON,BFSR_01
T_1037,58,00:00:02,526.18,137.62,187.4,2.249,41.58,1.134,192.59,0.895,MID_DEFENSE_LAYER,PERSON,BFSR_01
T_1037,59,00:00:02,525.08,138.08,186.28,2.235,41.7,1.281,202.71,0.895,MID_DEFENSE_LAYER,PERSON,BFSR_01
T_1037,60,00:00:02,523.39,138.78,184.55,2.215,41.89,1.979,202.32,0.893,MID_DEFENSE_LAYER,PERSON,BFSR_01
T_1037,61,00:00:02,522.5,138.96,183.77,2.205,42.03,0.977,191.63,0.888,MID_DEFENSE_LAYER,PERSON,BFSR_01
T_1037,62,00:00:02,521.68,139.36,182.89,2.195,42.11,0.989,205.95,0.889,MID_DEFENSE_LAYER,PERSON,BFSR_01
T_1037,63,00:00:02,521.01,139.56,182.26,2.187,42.21,0.751,196.5,0.88,MID_DEFENSE_LAYER,PERSON,BFSR_01
T_1037,64,00:00:02,520.13,139.76,181.48,2.178,42.34,0.97,192.82,0.877,MID_DEFENSE_LAYER,PERSON,BFSR_01
T_1037,65,00:00:02,519.76,140.19,180.91,2.171,42.32,0.616,228.71,0.872,MID_DEFENSE_LAYER,PERSON,BFSR_01
T_1037,66,00:00:02,518.89,140.47,180.08,2.161,42.44,0.981,198.33,0.868,MID_DEFENSE_LAYER,PERSON,BFSR_01
T_1037,67,00:00:02,518.45,140.54,179.71,2.157,42.52,0.484,188.38,0.863,MID_DEFENSE_LAYER,PERSON,BFSR_01
T_1037,68,00:00:02,517.61,140.91,178.84,2.146,42.62,0.991,203.88,0.855,MID_DEFENSE_LAYER,PERSON,BFSR_01
T_1038,50,00:00:02,589.75,227.66,206.63,2.48,9.57,0.0,9.57,0.855,MID_DEFENSE_LAYER,PERSON,BFSR_01
T_1038,51,00:00:02,589.39,227.78,206.25,2.475,9.55,0.41,198.42,0.868,MID_DEFENSE_LAYER,PERSON,BFSR_01
T_1038,52,00:00:02,588.96,228.14,205.77,2.469,9.47,0.609,220.31,0.882,MID_DEFENSE_LAYER,PERSON,BFSR_01
T_1038,53,00:00:02,589.21,228.05,206.03,2.472,9.48,0.287,19.66,0.875,MID_DEFENSE_LAYER,PERSON,BFSR_01
T_1038,54,00:00:02,589.04,228.37,205.81,2.47,9.4,0.387,242.09,0.868,MID_DEFENSE_LAYER,PERSON,BFSR_01
T_1038,55,00:00:02,589.09,228.16,205.89,2.471,9.46,0.235,77.29,0.858,MID_DEFENSE_LAYER,PERSON,BFSR_01
T_1038,56,00:00:02,589.12,228.49,205.86,2.47,9.37,0.357,274.78,0.846,MID_DEFENSE_LAYER,PERSON,BFSR_01
T_1039,102,00:00:04,221.51,143.64,202.65,2.432,144.26,0.0,144.26,0.881,MID_DEFENSE_LAYER,PERSON,BFSR_01
T_1039,103,00:00:04,221.83,143.42,202.51,2.43,144.16,0.418,33.28,0.885,MID_DEFENSE_LAYER,PERSON,BFSR_01
T_1039,104,00:00:04,221.78,143.19,202.69,2.432,144.11,0.263,101.96,0.885,MID_DEFENSE_LAYER,PERSON,BFSR_01
T_1039,105,00:00:04,221.74,143.1,202.78,2.433,144.1,0.106,117.68,0.887,MID_DEFENSE_LAYER,PERSON,BFSR_01
T_1039,106,00:00:04,221.95,143.26,202.52,2.43,144.1,0.284,323.11,0.884,MID_DEFENSE_LAYER,PERSON,BFSR_01
T_1039,107,00:00:04,222.06,143.08,202.53,2.43,144.04,0.231,56.53,0.883,MID_DEFENSE_LAYER,PERSON,BFSR_01
T_1039,108,00:00:04,222.06,143.27,202.41,2.429,144.09,0.211,270.52,0.877,MID_DEFENSE_LAYER,PERSON,BFSR_01
T_1039,109,00:00:04,222.36,143.24,202.2,2.426,144.03,0.318,7.23,0.871,MID_DEFENSE_LAYER,PERSON,BFSR_01
T_1039,110,00:00:04,223.67,141.89,201.94,2.423,143.5,2.034,45.8,0.874,MID_DEFENSE_LAYER,PERSON,BFSR_01
T_1039,111,00:00:04,222.09,143.19,202.44,2.429,144.07,2.219,219.55,0.892,MID_DEFENSE_LAYER,PERSON,BFSR_01
T_1039,112,00:00:04,221.64,143.31,202.73,2.433,144.17,0.499,195.17,0.895,MID_DEFENSE_LAYER,PERSON,BFSR_01
T_1039,113,00:00:04,221.79,143.41,202.55,2.431,144.16,0.196,327.53,0.896,MID_DEFENSE_LAYER,PERSON,BFSR_01
T_1039,114,00:00:04,221.61,143.55,202.62,2.431,144.23,0.251,216.78,0.897,MID_DEFENSE_LAYER,PERSON,BFSR_01
T_1039,115,00:00:04,221.68,143.44,202.62,2.431,144.19,0.142,56.1,0.898,MID_DEFENSE_LAYER,PERSON,BFSR_01
T_1039,116,00:00:04,221.73,143.35,202.64,2.432,144.16,0.117,61.43,0.896,MID_DEFENSE_LAYER,PERSON,BFSR_01
T_1039,117,00:00:04,221.67,143.39,202.66,2.432,144.18,0.085,216.0,0.897,MID_DEFENSE_LAYER,PERSON,BFSR_01
T_1039,118,00:00:04,221.54,143.57,202.66,2.432,144.24,0.244,233.71,0.898,MID_DEFENSE_LAYER,PERSON,BFSR_01
T_1039,119,00:00:04,221.54,143.57,202.66,2.432,144.24,0.0,144.24,0.898,MID_DEFENSE_LAYER,PERSON,BFSR_01
T_1039,120,00:00:05,221.63,143.61,202.57,2.431,144.24,0.106,339.12,0.9,MID_DEFENSE_LAYER,PERSON,BFSR_01
T_1039,121,00:00:05,221.64,143.45,202.65,2.432,144.2,0.176,84.41,0.9,MID_DEFENSE_LAYER,PERSON,BFSR_01
T_1039,122,00:00:05,221.74,143.57,202.5,2.43,144.21,0.168,310.33,0.9,MID_DEFENSE_LAYER,PERSON,BFSR_01
T_1039,123,00:00:05,221.7,143.62,202.51,2.43,144.23,0.075,228.92,0.901,MID_DEFENSE_LAYER,PERSON,BFSR_01
T_1039,124,00:00:05,221.78,143.65,202.42,2.429,144.22,0.094,339.35,0.901,MID_DEFENSE_LAYER,PERSON,BFSR_01
T_1039,125,00:00:05,222.0,143.61,202.27,2.427,144.18,0.237,9.61,0.9,MID_DEFENSE_LAYER,PERSON,BFSR_01
T_1039,126,00:00:05,222.0,143.61,202.27,2.427,144.18,0.0,144.18,0.9,MID_DEFENSE_LAYER,PERSON,BFSR_01
T_1039,127,00:00:05,222.0,143.61,202.27,2.427,144.18,0.0,144.18,0.9,MID_DEFENSE_LAYER,PERSON,BFSR_01
T_1039,128,00:00:05,222.06,143.46,202.31,2.428,144.13,0.177,68.38,0.901,MID_DEFENSE_LAYER,PERSON,BFSR_01
T_1039,129,00:00:05,222.08,143.49,202.28,2.427,144.13,0.04,301.58,0.901,MID_DEFENSE_LAYER,PERSON,BFSR_01
T_1039,130,00:00:05,222.08,143.49,202.28,2.427,144.13,0.0,144.13,0.901,MID_DEFENSE_LAYER,PERSON,BFSR_01
T_1039,131,00:00:05,222.13,143.53,202.21,2.426,144.13,0.075,325.99,0.901,MID_DEFENSE_LAYER,PERSON,BFSR_01
T_1039,132,00:00:05,222.09,143.48,202.27,2.427,144.13,0.073,136.44,0.9,MID_DEFENSE_LAYER,PERSON,BFSR_01
T_1039,133,00:00:05,221.98,143.62,202.28,2.427,144.18,0.186,231.33,0.898,MID_DEFENSE_LAYER,PERSON,BFSR_01
T_1039,134,00:00:05,221.95,143.6,202.31,2.428,144.18,0.032,143.73,0.898,MID_DEFENSE_LAYER,PERSON,BFSR_01
T_1039,135,00:00:05,221.95,143.6,202.31,2.428,144.18,0.0,144.18,0.898,MID_DEFENSE_LAYER,PERSON,BFSR_01
T_1039,136,00:00:05,221.93,143.48,202.4,2.429,144.16,0.136,99.5,0.898,MID_DEFENSE_LAYER,PERSON,BFSR_01
T_1039,137,00:00:05,221.93,143.6,202.33,2.428,144.19,0.138,267.57,0.898,MID_DEFENSE_LAYER,PERSON,BFSR_01
T_1039,138,00:00:05,221.96,143.6,202.31,2.428,144.18,0.031,7.13,0.898,MID_DEFENSE_LAYER,PERSON,BFSR_01
T_1039,139,00:00:05,221.9,143.52,202.4,2.429,144.17,0.103,126.9,0.898,MID_DEFENSE_LAYER,PERSON,BFSR_01
T_1039,140,00:00:05,221.88,143.56,202.39,2.429,144.18,0.043,246.82,0.899,MID_DEFENSE_LAYER,PERSON,BFSR_01
T_1039,141,00:00:05,221.9,143.62,202.34,2.428,144.19,0.071,287.9,0.9,MID_DEFENSE_LAYER,PERSON,BFSR_01
T_1039,142,00:00:05,222.0,143.58,202.29,2.427,144.17,0.117,26.1,0.899,MID_DEFENSE_LAYER,PERSON,BFSR_01
T_1039,143,00:00:05,221.88,143.53,202.41,2.429,144.18,0.143,158.85,0.899,MID_DEFENSE_LAYER,PERSON,BFSR_01
T_1039,144,00:00:06,222.13,143.49,202.23,2.427,144.13,0.276,8.82,0.897,MID_DEFENSE_LAYER,PERSON,BFSR_01
T_1039,145,00:00:06,221.93,143.52,202.38,2.429,144.16,0.218,187.84,0.898,MID_DEFENSE_LAYER,PERSON,BFSR_01
T_1039,146,00:00:06,221.9,143.62,202.34,2.428,144.19,0.115,254.51,0.898,MID_DEFENSE_LAYER,PERSON,BFSR_01
T_1039,147,00:00:06,221.91,143.45,202.43,2.429,144.15,0.184,87.41,0.897,MID_DEFENSE_LAYER,PERSON,BFSR_01
T_1039,148,00:00:06,222.04,143.44,202.33,2.428,144.13,0.141,4.1,0.896,MID_DEFENSE_LAYER,PERSON,BFSR_01
T_1039,149,00:00:06,222.08,143.52,202.26,2.427,144.14,0.097,293.28,0.897,MID_DEFENSE_LAYER,PERSON,BFSR_01
T_1039,150,00:00:06,222.02,143.7,202.2,2.426,144.19,0.197,253.73,0.897,MID_DEFENSE_LAYER,PERSON,BFSR_01
T_1039,151,00:00:06,221.96,143.63,202.29,2.427,144.19,0.101,133.93,0.897,MID_DEFENSE_LAYER,PERSON,BFSR_01
T_1039,152,00:00:06,222.13,143.63,202.15,2.426,144.16,0.181,0.67,0.897,MID_DEFENSE_LAYER,PERSON,BFSR_01
T_1039,153,00:00:06,221.87,143.6,202.38,2.429,144.19,0.28,172.88,0.897,MID_DEFENSE_LAYER,PERSON,BFSR_01
T_1039,154,00:00:06,221.95,143.57,202.33,2.428,144.17,0.094,16.65,0.897,MID_DEFENSE_LAYER,PERSON,BFSR_01
T_1039,155,00:00:06,221.82,143.85,202.27,2.427,144.26,0.335,245.1,0.894,MID_DEFENSE_LAYER,PERSON,BFSR_01
T_1039,156,00:00:06,221.98,143.75,202.2,2.426,144.21,0.202,31.88,0.893,MID_DEFENSE_LAYER,PERSON,BFSR_01
T_1039,157,00:00:06,221.98,143.82,202.16,2.426,144.23,0.074,268.53,0.889,MID_DEFENSE_LAYER,PERSON,BFSR_01
T_1039,158,00:00:06,221.99,143.83,202.15,2.426,144.23,0.014,307.87,0.881,MID_DEFENSE_LAYER,PERSON,BFSR_01
T_1039,159,00:00:06,222.24,143.76,201.98,2.424,144.17,0.287,15.28,0.876,MID_DEFENSE_LAYER,PERSON,BFSR_01
T_1039,160,00:00:06,221.85,143.78,202.29,2.427,144.24,0.425,182.07,0.867,MID_DEFENSE_LAYER,PERSON,BFSR_01
T_1039,161,00:00:06,221.82,144.02,202.18,2.426,144.3,0.267,261.71,0.858,MID_DEFENSE_LAYER,PERSON,BFSR_01
T_1040,120,00:00:05,133.61,196.71,260.7,3.128,165.5,0.0,165.5,0.89,OUTER_MONITORING,PERSON,BFSR_01
T_1040,121,00:00:05,133.66,196.54,260.69,3.128,165.46,0.193,73.05,0.892,OUTER_MONITORING,PERSON,BFSR_01
T_1040,122,00:00:05,133.62,196.78,260.67,3.128,165.51,0.27,260.43,0.89,OUTER_MONITORING,PERSON,BFSR_01
T_1040,123,00:00:05,133.9,196.81,260.39,3.125,165.5,0.307,355.07,0.89,OUTER_MONITORING,PERSON,BFSR_01
T_1040,124,00:00:05,133.83,196.91,260.43,3.125,165.53,0.137,236.45,0.895,OUTER_MONITORING,PERSON,BFSR_01
T_1040,125,00:00:05,133.84,197.0,260.41,3.125,165.55,0.095,273.75,0.898,OUTER_MONITORING,PERSON,BFSR_01
T_1040,126,00:00:05,133.84,197.0,260.41,3.125,165.55,0.0,165.55,0.9,OUTER_MONITORING,PERSON,BFSR_01
T_1040,127,00:00:05,133.84,197.0,260.41,3.125,165.55,0.0,165.55,0.9,OUTER_MONITORING,PERSON,BFSR_01
T_1040,128,00:00:05,133.61,196.97,260.63,3.128,165.55,0.244,172.06,0.896,OUTER_MONITORING,PERSON,BFSR_01
T_1040,129,00:00:05,133.67,197.02,260.56,3.127,165.56,0.082,322.06,0.895,OUTER_MONITORING,PERSON,BFSR_01
T_1040,130,00:00:05,133.67,197.02,260.56,3.127,165.56,0.0,165.56,0.895,OUTER_MONITORING,PERSON,BFSR_01
T_1040,131,00:00:05,133.64,197.03,260.59,3.127,165.56,0.035,201.55,0.897,OUTER_MONITORING,PERSON,BFSR_01
T_1040,132,00:00:05,133.62,197.0,260.62,3.127,165.56,0.039,131.85,0.896,OUTER_MONITORING,PERSON,BFSR_01
T_1040,133,00:00:05,133.76,196.96,260.49,3.126,165.54,0.162,16.15,0.896,OUTER_MONITORING,PERSON,BFSR_01
T_1040,134,00:00:05,133.55,196.71,260.75,3.129,165.5,0.345,130.31,0.897,OUTER_MONITORING,PERSON,BFSR_01
T_1040,135,00:00:05,133.49,197.08,260.72,3.129,165.58,0.4,260.66,0.893,OUTER_MONITORING,PERSON,BFSR_01
T_1040,136,00:00:05,133.76,197.05,260.47,3.126,165.56,0.288,7.39,0.892,OUTER_MONITORING,PERSON,BFSR_01
T_1040,137,00:00:05,133.84,197.13,260.37,3.124,165.57,0.127,316.51,0.892,OUTER_MONITORING,PERSON,BFSR_01
T_1040,138,00:00:05,133.84,197.13,260.37,3.124,165.57,0.0,165.57,0.892,OUTER_MONITORING,PERSON,BFSR_01
T_1040,139,00:00:05,133.84,197.13,260.37,3.124,165.57,0.0,165.57,0.892,OUTER_MONITORING,PERSON,BFSR_01
T_1040,140,00:00:05,133.84,197.07,260.39,3.125,165.56,0.06,95.11,0.895,OUTER_MONITORING,PERSON,BFSR_01
T_1040,141,00:00:05,133.8,197.12,260.41,3.125,165.57,0.07,229.08,0.896,OUTER_MONITORING,PERSON,BFSR_01
T_1040,142,00:00:05,133.8,197.12,260.41,3.125,165.57,0.0,165.57,0.896,OUTER_MONITORING,PERSON,BFSR_01
T_1040,143,00:00:05,133.69,197.03,260.54,3.126,165.56,0.152,138.19,0.896,OUTER_MONITORING,PERSON,BFSR_01
T_1040,144,00:00:06,133.62,196.96,260.63,3.128,165.55,0.109,139.19,0.898,OUTER_MONITORING,PERSON,BFSR_01
T_1040,145,00:00:06,133.62,196.96,260.63,3.128,165.55,0.0,165.55,0.898,OUTER_MONITORING,PERSON,BFSR_01
T_1040,146,00:00:06,133.68,197.04,260.54,3.127,165.56,0.117,308.93,0.896,OUTER_MONITORING,PERSON,BFSR_01
T_1040,147,00:00:06,133.58,197.03,260.65,3.128,165.57,0.117,171.79,0.897,OUTER_MONITORING,PERSON,BFSR_01
T_1040,148,00:00:06,133.83,197.03,260.41,3.125,165.55,0.273,0.28,0.895,OUTER_MONITORING,PERSON,BFSR_01
T_1040,149,00:00:06,133.85,197.04,260.38,3.125,165.55,0.03,335.67,0.894,OUTER_MONITORING,PERSON,BFSR_01
T_1040,150,00:00:06,133.98,197.01,260.26,3.123,165.54,0.143,13.18,0.898,OUTER_MONITORING,PERSON,BFSR_01
T_1040,151,00:00:06,133.97,196.96,260.29,3.123,165.53,0.052,109.8,0.897,OUTER_MONITORING,PERSON,BFSR_01
T_1040,152,00:00:06,133.98,197.04,260.26,3.123,165.55,0.089,276.04,0.897,OUTER_MONITORING,PERSON,BFSR_01
T_1040,153,00:00:06,133.98,196.96,260.28,3.123,165.53,0.096,89.75,0.896,OUTER_MONITORING,PERSON,BFSR_01
T_1040,154,00:00:06,133.95,197.0,260.29,3.124,165.54,0.054,241.0,0.897,OUTER_MONITORING,PERSON,BFSR_01
T_1040,155,00:00:06,133.95,197.0,260.29,3.124,165.54,0.0,165.54,0.897,OUTER_MONITORING,PERSON,BFSR_01
T_1040,156,00:00:06,133.91,197.02,260.33,3.124,165.55,0.055,208.4,0.897,OUTER_MONITORING,PERSON,BFSR_01
T_1040,157,00:00:06,134.0,197.0,260.25,3.123,165.54,0.104,14.62,0.896,OUTER_MONITORING,PERSON,BFSR_01
T_1040,158,00:00:06,133.92,197.09,260.31,3.124,165.56,0.134,227.68,0.894,OUTER_MONITORING,PERSON,BFSR_01
T_1040,159,00:00:06,133.88,197.02,260.36,3.124,165.55,0.085,115.6,0.892,OUTER_MONITORING,PERSON,BFSR_01
T_1040,160,00:00:06,133.92,197.06,260.31,3.124,165.55,0.059,317.4,0.892,OUTER_MONITORING,PERSON,BFSR_01
T_1040,161,00:00:06,133.9,197.07,260.33,3.124,165.56,0.032,213.24,0.885,OUTER_MONITORING,PERSON,BFSR_01
T_1040,162,00:00:06,133.98,196.87,260.3,3.124,165.51,0.233,67.74,0.891,OUTER_MONITORING,PERSON,BFSR_01
T_1040,163,00:00:06,134.03,196.8,260.27,3.123,165.49,0.094,57.22,0.885,OUTER_MONITORING,PERSON,BFSR_01
T_1040,164,00:00:06,134.05,197.0,260.2,3.122,165.53,0.215,276.72,0.879,OUTER_MONITORING,PERSON,BFSR_01
T_1040,165,00:00:06,133.91,196.67,260.42,3.125,165.47,0.386,113.05,0.873,OUTER_MONITORING,PERSON,BFSR_01
T_1040,166,00:00:06,134.0,196.84,260.29,3.123,165.5,0.203,298.6,0.871,OUTER_MONITORING,PERSON,BFSR_01
T_1040,167,00:00:06,133.97,196.63,260.37,3.124,165.46,0.227,97.08,0.857,OUTER_MONITORING,PERSON,BFSR_01
T_1041,132,00:00:05,627.46,144.34,268.61,3.223,25.98,0.0,25.98,0.881,OUTER_MONITORING,PERSON,BFSR_01
T_1041,133,00:00:05,627.3,144.13,268.55,3.223,26.03,0.291,128.35,0.89,OUTER_MONITORING,PERSON,BFSR_01
T_1041,135,00:00:05,620.66,149.37,260.29,3.123,25.64,4.568,218.3,0.499,OUTER_MONITORING,PERSON,BFSR_01
T_1041,136,00:00:05,620.6,149.25,260.29,3.124,25.67,0.149,113.17,0.516,OUTER_MONITORING,PERSON,BFSR_01
T_1041,137,00:00:05,620.44,149.37,260.09,3.121,25.66,0.226,217.35,0.527,OUTER_MONITORING,PERSON,BFSR_01
T_1041,138,00:00:05,620.33,149.55,259.91,3.119,25.64,0.223,237.39,0.526,OUTER_MONITORING,PERSON,BFSR_01
T_1041,142,00:00:05,617.9,152.03,256.65,3.08,25.37,0.938,225.73,0.526,OUTER_MONITORING,PERSON,BFSR_01
T_1041,143,00:00:05,617.54,152.42,256.16,3.074,25.33,0.574,227.28,0.504,OUTER_MONITORING,PERSON,BFSR_01
T_1041,144,00:00:06,617.07,152.93,255.52,3.066,25.27,0.747,226.8,0.49,OUTER_MONITORING,PERSON,BFSR_01
T_1041,145,00:00:06,616.47,153.5,254.74,3.057,25.21,0.888,223.62,0.482,OUTER_MONITORING,PERSON,BFSR_01
T_1041,147,00:00:06,627.68,145.1,268.47,3.222,25.81,7.564,36.85,0.891,OUTER_MONITORING,PERSON,BFSR_01
T_1041,148,00:00:06,627.62,145.02,268.45,3.221,25.83,0.111,129.38,0.883,OUTER_MONITORING,PERSON,BFSR_01
T_1041,149,00:00:06,627.5,145.09,268.31,3.22,25.83,0.147,210.9,0.873,OUTER_MONITORING,PERSON,BFSR_01
T_1041,150,00:00:06,626.66,145.94,267.18,3.206,25.75,1.298,225.26,0.812,OUTER_MONITORING,PERSON,BFSR_01
T_1041,151,00:00:06,626.5,145.36,267.29,3.208,25.87,0.647,104.8,0.847,OUTER_MONITORING,PERSON,BFSR_01
T_1041,152,00:00:06,627.18,144.89,268.11,3.217,25.9,0.892,34.31,0.897,OUTER_MONITORING,PERSON,BFSR_01
T_1041,153,00:00:06,627.32,144.78,268.28,3.219,25.91,0.19,38.91,0.898,OUTER_MONITORING,PERSON,BFSR_01
T_1041,154,00:00:06,627.34,144.64,268.36,3.22,25.93,0.157,83.43,0.898,OUTER_MONITORING,PERSON,BFSR_01
T_1041,155,00:00:06,627.28,144.46,268.38,3.221,25.97,0.202,108.7,0.898,OUTER_MONITORING,PERSON,BFSR_01
T_1041,156,00:00:06,627.23,144.48,268.34,3.22,25.97,0.052,200.28,0.898,OUTER_MONITORING,PERSON,BFSR_01
T_1041,157,00:00:06,627.13,144.35,268.3,3.22,26.01,0.18,129.37,0.897,OUTER_MONITORING,PERSON,BFSR_01
T_1041,158,00:00:06,627.16,144.19,268.39,3.221,26.04,0.173,79.13,0.898,OUTER_MONITORING,PERSON,BFSR_01
T_1041,159,00:00:06,627.25,144.29,268.44,3.221,26.01,0.143,314.64,0.896,OUTER_MONITORING,PERSON,BFSR_01
T_1041,160,00:00:06,627.12,144.42,268.26,3.219,26.0,0.2,223.43,0.888,OUTER_MONITORING,PERSON,BFSR_01
T_1041,161,00:00:06,627.2,144.4,268.34,3.22,25.99,0.093,7.63,0.884,OUTER_MONITORING,PERSON,BFSR_01
T_1041,162,00:00:06,627.36,144.92,268.26,3.219,25.88,0.582,287.69,0.874,OUTER_MONITORING,PERSON,BFSR_01
T_1041,163,00:00:06,627.41,144.93,268.29,3.22,25.87,0.05,338.94,0.89,OUTER_MONITORING,PERSON,BFSR_01
T_1041,164,00:00:06,627.26,145.11,268.08,3.217,25.85,0.252,230.61,0.901,OUTER_MONITORING,PERSON,BFSR_01
T_1041,165,00:00:06,627.06,144.99,267.96,3.215,25.89,0.252,148.45,0.899,OUTER_MONITORING,PERSON,BFSR_01
T_1041,166,00:00:06,627.01,145.19,267.82,3.214,25.86,0.221,255.21,0.895,OUTER_MONITORING,PERSON,BFSR_01
T_1041,167,00:00:06,626.77,144.96,267.71,3.213,25.92,0.352,136.04,0.881,OUTER_MONITORING,PERSON,BFSR_01
T_1041,168,00:00:07,626.77,143.96,268.15,3.218,26.12,1.087,90.49,0.878,OUTER_MONITORING,PERSON,BFSR_01
T_1041,169,00:00:07,626.68,144.33,267.9,3.215,26.05,0.417,257.13,0.867,OUTER_MONITORING,PERSON,BFSR_01
T_1041,170,00:00:07,626.9,144.27,268.13,3.218,26.04,0.25,15.47,0.857,OUTER_MONITORING,PERSON,BFSR_01
T_1041,171,00:00:07,627.04,144.72,268.06,3.217,25.95,0.502,287.53,0.839,OUTER_MONITORING,PERSON,BFSR_01
T_1042,132,00:00:05,523.16,87.59,221.88,2.663,51.82,0.0,51.82,0.755,OUTER_MONITORING,PERSON,BFSR_01
T_1042,133,00:00:05,520.29,87.45,220.23,2.643,52.43,3.1,177.28,0.747,OUTER_MONITORING,PERSON,BFSR_01
T_1042,134,00:00:05,518.17,87.43,218.96,2.628,52.87,2.286,179.36,0.733,OUTER_MONITORING,PERSON,BFSR_01
T_1043,132,00:00:05,612.12,155.8,249.82,2.998,25.16,0.0,25.16,0.618,OUTER_MONITORING,PERSON,BFSR_01
T_1043,133,00:00:05,610.98,156.61,248.44,2.981,25.1,1.507,215.58,0.597,OUTER_MONITORING,PERSON,BFSR_01
T_1043,134,00:00:05,538.09,100.7,221.7,2.66,46.68,99.22,142.51,0.72,OUTER_MONITORING,PERSON,BFSR_01
T_1044,133,00:00:05,473.0,49.34,229.77,2.757,67.75,0.0,67.75,0.888,OUTER_MONITORING,PERSON,BFSR_01
T_1044,134,00:00:05,472.95,49.24,229.84,2.758,67.77,0.129,116.6,0.888,OUTER_MONITORING,PERSON,BFSR_01
T_1044,135,00:00:05,472.8,49.48,229.57,2.755,67.78,0.305,239.05,0.89,OUTER_MONITORING,PERSON,BFSR_01
T_1044,136,00:00:05,472.81,49.31,229.72,2.757,67.8,0.178,85.43,0.888,OUTER_MONITORING,PERSON,BFSR_01
T_1044,137,00:00:05,472.69,49.5,229.5,2.754,67.81,0.241,236.76,0.89,OUTER_MONITORING,PERSON,BFSR_01
T_1044,138,00:00:05,472.93,49.55,229.55,2.755,67.75,0.26,349.21,0.89,OUTER_MONITORING,PERSON,BFSR_01
T_1044,139,00:00:05,473.02,49.55,229.58,2.755,67.73,0.1,355.99,0.891,OUTER_MONITORING,PERSON,BFSR_01
T_1044,140,00:00:05,472.97,49.59,229.53,2.754,67.73,0.064,218.41,0.89,OUTER_MONITORING,PERSON,BFSR_01
T_1044,141,00:00:05,472.91,49.53,229.56,2.755,67.75,0.096,139.46,0.892,OUTER_MONITORING,PERSON,BFSR_01
T_1044,142,00:00:05,472.91,49.53,229.56,2.755,67.75,0.0,67.75,0.892,OUTER_MONITORING,PERSON,BFSR_01
T_1044,143,00:00:05,472.94,49.64,229.47,2.754,67.74,0.124,288.75,0.893,OUTER_MONITORING,PERSON,BFSR_01
T_1044,144,00:00:06,472.68,49.56,229.44,2.753,67.8,0.296,162.95,0.893,OUTER_MONITORING,PERSON,BFSR_01
T_1044,145,00:00:06,472.63,49.53,229.45,2.753,67.82,0.06,153.72,0.892,OUTER_MONITORING,PERSON,BFSR_01
T_1044,146,00:00:06,472.83,49.62,229.44,2.753,67.76,0.233,335.44,0.893,OUTER_MONITORING,PERSON,BFSR_01
T_1044,147,00:00:06,472.86,49.85,229.24,2.751,67.73,0.251,278.46,0.892,OUTER_MONITORING,PERSON,BFSR_01
T_1044,148,00:00:06,472.88,49.84,229.26,2.751,67.73,0.023,49.54,0.893,OUTER_MONITORING,PERSON,BFSR_01
T_1044,149,00:00:06,472.88,49.84,229.26,2.751,67.73,0.0,67.73,0.893,OUTER_MONITORING,PERSON,BFSR_01
T_1044,150,00:00:06,472.86,49.86,229.24,2.751,67.73,0.029,223.23,0.893,OUTER_MONITORING,PERSON,BFSR_01
T_1044,151,00:00:06,472.93,49.98,229.15,2.75,67.71,0.156,301.33,0.895,OUTER_MONITORING,PERSON,BFSR_01
T_1044,152,00:00:06,472.97,49.78,229.35,2.752,67.72,0.225,78.56,0.892,OUTER_MONITORING,PERSON,BFSR_01
T_1044,153,00:00:06,472.97,49.78,229.35,2.752,67.72,0.0,67.72,0.892,OUTER_MONITORING,PERSON,BFSR_01
T_1044,154,00:00:06,472.85,49.69,229.39,2.753,67.75,0.162,144.14,0.891,OUTER_MONITORING,PERSON,BFSR_01
T_1044,155,00:00:06,472.85,49.69,229.39,2.753,67.75,0.0,67.75,0.891,OUTER_MONITORING,PERSON,BFSR_01
T_1044,156,00:00:06,472.87,49.64,229.44,2.753,67.75,0.055,70.85,0.892,OUTER_MONITORING,PERSON,BFSR_01
T_1044,157,00:00:06,472.91,49.61,229.48,2.754,67.75,0.053,32.05,0.892,OUTER_MONITORING,PERSON,BFSR_01
T_1044,158,00:00:06,472.91,49.61,229.48,2.754,67.75,0.0,67.75,0.892,OUTER_MONITORING,PERSON,BFSR_01
T_1044,159,00:00:06,472.91,49.61,229.48,2.754,67.75,0.0,67.75,0.892,OUTER_MONITORING,PERSON,BFSR_01
T_1044,160,00:00:06,472.91,49.61,229.48,2.754,67.75,0.0,67.75,0.892,OUTER_MONITORING,PERSON,BFSR_01
T_1044,161,00:00:06,472.91,49.61,229.48,2.754,67.75,0.0,67.75,0.892,OUTER_MONITORING,PERSON,BFSR_01
T_1044,162,00:00:06,472.91,49.61,229.48,2.754,67.75,0.0,67.75,0.892,OUTER_MONITORING,PERSON,BFSR_01
T_1044,163,00:00:06,473.03,49.58,229.56,2.755,67.72,0.139,14.52,0.892,OUTER_MONITORING,PERSON,BFSR_01
T_1044,164,00:00:06,473.08,49.26,229.88,2.759,67.74,0.353,81.39,0.889,OUTER_MONITORING,PERSON,BFSR_01
T_1044,165,00:00:06,473.13,49.28,229.88,2.759,67.73,0.056,337.98,0.887,OUTER_MONITORING,PERSON,BFSR_01
T_1044,166,00:00:06,473.1,49.5,229.66,2.756,67.71,0.243,261.91,0.886,OUTER_MONITORING,PERSON,BFSR_01
T_1044,167,00:00:06,473.31,49.29,229.93,2.759,67.68,0.324,45.24,0.894,OUTER_MONITORING,PERSON,BFSR_01
T_1044,168,00:00:07,473.64,49.55,229.82,2.758,67.58,0.455,321.75,0.893,OUTER_MONITORING,PERSON,BFSR_01
T_1044,169,00:00:07,473.92,49.57,229.9,2.759,67.52,0.302,354.56,0.89,OUTER_MONITORING,PERSON,BFSR_01
T_1044,170,00:00:07,473.88,49.55,229.9,2.759,67.53,0.051,152.99,0.886,OUTER_MONITORING,PERSON,BFSR_01
T_1044,171,00:00:07,473.49,50.03,229.32,2.752,67.57,0.66,230.7,0.877,OUTER_MONITORING,PERSON,BFSR_01
T_1044,172,00:00:07,472.97,49.42,229.68,2.756,67.75,0.861,130.84,0.875,OUTER_MONITORING,PERSON,BFSR_01
T_1044,173,00:00:07,473.23,49.53,229.68,2.756,67.68,0.303,337.26,0.875,OUTER_MONITORING,PERSON,BFSR_01
T_1044,174,00:00:07,472.98,49.86,229.28,2.751,67.71,0.447,233.25,0.869,OUTER_MONITORING,PERSON,BFSR_01
T_1044,175,00:00:07,473.12,49.5,229.67,2.756,67.71,0.421,69.02,0.869,OUTER_MONITORING,PERSON,BFSR_01
T_1044,176,00:00:07,473.06,49.53,229.61,2.755,67.72,0.07,211.1,0.867,OUTER_MONITORING,PERSON,BFSR_01
T_1045,133,00:00:05,571.57,113.3,237.8,2.854,38.71,0.0,38.71,0.767,OUTER_MONITORING,PERSON,BFSR_01
T_1045,134,00:00:05,569.72,114.67,235.5,2.826,38.73,2.484,216.58,0.719,OUTER_MONITORING,PERSON,BFSR_01
T_1045,135,00:00:05,538.25,100.75,221.77,2.661,46.64,37.171,156.15,0.723,OUTER_MONITORING,PERSON,BFSR_01
T_1045,136,00:00:05,538.6,100.94,221.87,2.662,46.54,0.434,332.13,0.725,OUTER_MONITORING,PERSON,BFSR_01
T_1045,137,00:00:05,538.74,100.94,221.97,2.664,46.52,0.152,1.33,0.727,OUTER_MONITORING,PERSON,BFSR_01
T_1045,140,00:00:05,538.44,100.84,221.83,2.662,46.59,0.115,163.07,0.728,OUTER_MONITORING,PERSON,BFSR_01
T_1045,141,00:00:05,538.46,100.76,221.9,2.663,46.6,0.092,76.46,0.73,OUTER_MONITORING,PERSON,BFSR_01
T_1045,142,00:00:05,538.36,101.12,221.58,2.659,46.56,0.405,255.37,0.733,OUTER_MONITORING,PERSON,BFSR_01
T_1045,143,00:00:05,538.33,101.0,221.64,2.66,46.59,0.139,104.86,0.732,OUTER_MONITORING,PERSON,BFSR_01
T_1045,144,00:00:06,538.43,100.78,221.87,2.662,46.61,0.254,65.55,0.735,OUTER_MONITORING,PERSON,BFSR_01
T_1045,145,00:00:06,538.48,100.76,221.92,2.663,46.6,0.057,22.46,0.738,OUTER_MONITORING,PERSON,BFSR_01
T_1045,146,00:00:06,538.57,100.7,222.02,2.664,46.59,0.121,31.64,0.739,OUTER_MONITORING,PERSON,BFSR_01
T_1045,147,00:00:06,538.67,100.58,222.18,2.666,46.59,0.174,50.56,0.74,OUTER_MONITORING,PERSON,BFSR_01
T_1045,148,00:00:06,538.78,100.67,222.19,2.666,46.56,0.148,321.22,0.738,OUTER_MONITORING,PERSON,BFSR_01
T_1045,149,00:00:06,538.75,100.67,222.17,2.666,46.57,0.034,180.84,0.732,OUTER_MONITORING,PERSON,BFSR_01
T_1045,150,00:00:06,538.74,100.64,222.19,2.666,46.57,0.028,103.68,0.727,OUTER_MONITORING,PERSON,BFSR_01
T_1045,151,00:00:06,538.73,100.77,222.09,2.665,46.55,0.136,263.19,0.721,OUTER_MONITORING,PERSON,BFSR_01
T_1045,152,00:00:06,538.55,100.52,222.14,2.666,46.63,0.332,126.14,0.715,OUTER_MONITORING,PERSON,BFSR_01
T_1045,153,00:00:06,537.94,100.29,221.89,2.663,46.78,0.697,159.65,0.711,OUTER_MONITORING,PERSON,BFSR_01
T_1045,154,00:00:06,538.18,100.0,222.27,2.667,46.79,0.407,51.68,0.728,OUTER_MONITORING,PERSON,BFSR_01
T_1045,155,00:00:06,538.42,100.44,222.11,2.665,46.67,0.546,299.39,0.734,OUTER_MONITORING,PERSON,BFSR_01
T_1045,156,00:00:06,538.42,100.33,222.19,2.666,46.69,0.115,94.54,0.734,OUTER_MONITORING,PERSON,BFSR_01
T_1045,157,00:00:06,538.39,100.48,222.06,2.665,46.67,0.159,261.26,0.733,OUTER_MONITORING,PERSON,BFSR_01
T_1045,158,00:00:06,538.26,100.52,221.94,2.663,46.68,0.154,196.76,0.734,OUTER_MONITORING,PERSON,BFSR_01
T_1045,159,00:00:06,538.21,100.53,221.9,2.663,46.69,0.053,195.74,0.734,OUTER_MONITORING,PERSON,BFSR_01
T_1045,160,00:00:06,538.33,100.33,222.13,2.666,46.7,0.259,59.33,0.735,OUTER_MONITORING,PERSON,BFSR_01
T_1045,161,00:00:06,538.29,100.46,222.0,2.664,46.69,0.155,251.64,0.734,OUTER_MONITORING,PERSON,BFSR_01
T_1045,162,00:00:06,538.38,100.48,222.06,2.665,46.67,0.108,348.76,0.734,OUTER_MONITORING,PERSON,BFSR_01
T_1045,163,00:00:06,538.5,100.5,222.12,2.665,46.64,0.126,351.4,0.733,OUTER_MONITORING,PERSON,BFSR_01
T_1045,164,00:00:06,538.47,100.61,222.02,2.664,46.63,0.124,256.18,0.731,OUTER_MONITORING,PERSON,BFSR_01
T_1045,165,00:00:06,538.46,100.8,221.87,2.662,46.6,0.205,265.32,0.731,OUTER_MONITORING,PERSON,BFSR_01
T_1045,166,00:00:06,538.51,100.54,222.1,2.665,46.63,0.291,78.31,0.733,OUTER_MONITORING,PERSON,BFSR_01
T_1045,167,00:00:06,538.48,100.47,222.13,2.666,46.65,0.08,113.16,0.724,OUTER_MONITORING,PERSON,BFSR_01
T_1045,168,00:00:07,538.32,100.75,221.82,2.662,46.63,0.351,240.54,0.714,OUTER_MONITORING,PERSON,BFSR_01
T_1045,169,00:00:07,538.55,100.28,222.32,2.668,46.67,0.567,64.61,0.714,OUTER_MONITORING,PERSON,BFSR_01
T_1045,170,00:00:07,538.71,100.64,222.16,2.666,46.58,0.429,293.27,0.711,OUTER_MONITORING,PERSON,BFSR_01
T_1045,171,00:00:07,538.77,100.6,222.24,2.667,46.57,0.087,32.93,0.702,OUTER_MONITORING,PERSON,BFSR_01
T_1045,172,00:00:07,538.81,100.58,222.27,2.667,46.57,0.04,29.12,0.688,OUTER_MONITORING,PERSON,BFSR_01
T_1046,134,00:00:05,463.57,175.02,116.54,1.399,48.27,0.0,48.27,0.882,MID_DEFENSE_LAYER,PERSON,BFSR_01
T_1046,135,00:00:05,463.66,175.23,116.45,1.397,48.17,0.236,292.12,0.881,MID_DEFENSE_LAYER,PERSON,BFSR_01
T_1046,136,00:00:05,463.89,175.03,116.75,1.401,48.15,0.329,39.26,0.887,MID_DEFENSE_LAYER,PERSON,BFSR_01
T_1046,137,00:00:05,463.86,174.9,116.83,1.402,48.21,0.149,102.06,0.885,MID_DEFENSE_LAYER,PERSON,BFSR_01
T_1046,138,00:00:05,463.76,174.9,116.76,1.401,48.25,0.116,178.62,0.888,MID_DEFENSE_LAYER,PERSON,BFSR_01
T_1046,139,00:00:05,463.9,175.04,116.75,1.401,48.15,0.216,314.02,0.888,MID_DEFENSE_LAYER,PERSON,BFSR_01
T_1046,140,00:00:05,463.76,174.83,116.81,1.402,48.27,0.274,122.64,0.89,MID_DEFENSE_LAYER,PERSON,BFSR_01
T_1046,141,00:00:05,463.79,174.91,116.77,1.401,48.23,0.1,291.68,0.891,MID_DEFENSE_LAYER,PERSON,BFSR_01
T_1046,142,00:00:05,463.7,174.87,116.74,1.401,48.27,0.11,155.19,0.891,MID_DEFENSE_LAYER,PERSON,BFSR_01
T_1046,143,00:00:05,463.7,174.99,116.65,1.4,48.23,0.131,271.63,0.893,MID_DEFENSE_LAYER,PERSON,BFSR_01
T_1046,144,00:00:06,463.84,174.87,116.84,1.402,48.22,0.198,40.88,0.896,MID_DEFENSE_LAYER,PERSON,BFSR_01
T_1046,145,00:00:06,463.78,174.92,116.76,1.401,48.23,0.087,216.62,0.897,MID_DEFENSE_LAYER,PERSON,BFSR_01
T_1046,146,00:00:06,463.75,175.0,116.68,1.4,48.21,0.086,253.8,0.899,MID_DEFENSE_LAYER,PERSON,BFSR_01
T_1046,147,00:00:06,463.74,174.76,116.85,1.402,48.29,0.252,94.0,0.895,MID_DEFENSE_LAYER,PERSON,BFSR_01
T_1046,148,00:00:06,463.57,174.99,116.57,1.399,48.28,0.302,233.07,0.886,MID_DEFENSE_LAYER,PERSON,BFSR_01
T_1046,149,00:00:06,463.58,174.89,116.64,1.4,48.31,0.104,86.56,0.881,MID_DEFENSE_LAYER,PERSON,BFSR_01
T_1046,150,00:00:06,463.81,175.12,116.63,1.4,48.15,0.351,315.94,0.875,MID_DEFENSE_LAYER,PERSON,BFSR_01
T_1046,151,00:00:06,464.41,175.02,117.1,1.405,47.97,0.656,8.86,0.808,MID_DEFENSE_LAYER,PERSON,BFSR_01
T_1046,152,00:00:06,464.31,175.81,116.45,1.397,47.74,0.855,262.53,0.789,MID_DEFENSE_LAYER,PERSON,BFSR_01
T_1046,153,00:00:06,464.13,175.63,116.46,1.398,47.87,0.271,135.36,0.743,MID_DEFENSE_LAYER,PERSON,BFSR_01
T_1046,154,00:00:06,464.02,175.33,116.61,1.399,48.01,0.346,109.65,0.873,MID_DEFENSE_LAYER,PERSON,BFSR_01
T_1046,155,00:00:06,463.69,175.07,116.59,1.399,48.21,0.46,141.49,0.895,MID_DEFENSE_LAYER,PERSON,BFSR_01
T_1046,156,00:00:06,463.83,175.05,116.7,1.4,48.17,0.156,6.66,0.897,MID_DEFENSE_LAYER,PERSON,BFSR_01
T_1046,157,00:00:06,463.86,175.06,116.71,1.401,48.16,0.031,343.3,0.896,MID_DEFENSE_LAYER,PERSON,BFSR_01
T_1046,158,00:00:06,463.86,175.09,116.69,1.4,48.14,0.031,275.52,0.896,MID_DEFENSE_LAYER,PERSON,BFSR_01
T_1046,159,00:00:06,463.92,175.07,116.74,1.401,48.13,0.067,15.76,0.896,MID_DEFENSE_LAYER,PERSON,BFSR_01
T_1046,160,00:00:06,463.86,174.89,116.83,1.402,48.21,0.202,110.02,0.898,MID_DEFENSE_LAYER,PERSON,BFSR_01
T_1046,161,00:00:06,463.85,175.05,116.71,1.4,48.16,0.171,265.86,0.897,MID_DEFENSE_LAYER,PERSON,BFSR_01
T_1046,162,00:00:06,463.78,175.04,116.67,1.4,48.19,0.076,172.9,0.896,MID_DEFENSE_LAYER,PERSON,BFSR_01
T_1046,163,00:00:06,463.84,174.98,116.76,1.401,48.19,0.099,45.93,0.896,MID_DEFENSE_LAYER,PERSON,BFSR_01
T_1046,164,00:00:06,464.0,174.87,116.94,1.403,48.16,0.203,33.13,0.896,MID_DEFENSE_LAYER,PERSON,BFSR_01
T_1046,165,00:00:06,464.2,174.84,117.1,1.405,48.1,0.219,9.59,0.899,MID_DEFENSE_LAYER,PERSON,BFSR_01
T_1046,167,00:00:06,474.47,169.96,127.66,1.532,46.13,6.138,25.39,0.411,MID_DEFENSE_LAYER,PERSON,BFSR_01
T_1046,168,00:00:07,472.89,170.99,125.83,1.51,46.33,2.026,213.08,0.455,MID_DEFENSE_LAYER,PERSON,BFSR_01
T_1046,169,00:00:07,472.03,171.38,124.95,1.499,46.49,1.022,204.55,0.464,MID_DEFENSE_LAYER,PERSON,BFSR_01
T_1046,170,00:00:07,471.1,171.85,123.97,1.488,46.65,1.128,206.52,0.466,MID_DEFENSE_LAYER,PERSON,BFSR_01
T_1046,171,00:00:07,470.64,172.13,123.45,1.481,46.72,0.589,211.66,0.476,MID_DEFENSE_LAYER,PERSON,BFSR_01
T_1046,172,00:00:07,471.52,172.5,123.79,1.486,46.3,1.035,337.66,0.466,MID_DEFENSE_LAYER,PERSON,BFSR_01
T_1046,173,00:00:07,472.53,172.74,124.31,1.492,45.89,1.117,346.29,0.484,MID_DEFENSE_LAYER,PERSON,BFSR_01
T_1046,174,00:00:07,472.83,172.84,124.46,1.494,45.76,0.345,343.33,0.503,MID_DEFENSE_LAYER,PERSON,BFSR_01
T_1046,175,00:00:07,473.54,172.71,125.05,1.501,45.57,0.775,10.34,0.501,MID_DEFENSE_LAYER,PERSON,BFSR_01
T_1046,176,00:00:07,473.55,172.01,125.55,1.507,45.79,0.751,89.03,0.521,MID_DEFENSE_LAYER,PERSON,BFSR_01
T_1046,177,00:00:07,474.38,171.95,126.17,1.514,45.53,0.901,3.92,0.526,MID_DEFENSE_LAYER,PERSON,BFSR_01
T_1046,178,00:00:07,475.44,171.87,126.98,1.524,45.22,1.148,4.79,0.576,MID_DEFENSE_LAYER,PERSON,BFSR_01
T_1046,179,00:00:07,476.09,171.55,127.66,1.532,45.11,0.772,25.81,0.577,MID_DEFENSE_LAYER,PERSON,BFSR_01
T_1046,180,00:00:07,475.64,172.12,126.94,1.523,45.08,0.782,231.6,0.586,MID_DEFENSE_LAYER,PERSON,BFSR_01
T_1046,181,00:00:07,475.28,172.51,126.41,1.517,45.07,0.571,227.59,0.722,MID_DEFENSE_LAYER,PERSON,BFSR_01
T_1046,182,00:00:07,475.12,172.61,126.22,1.515,45.09,0.206,212.33,0.719,MID_DEFENSE_LAYER,PERSON,BFSR_01
T_1046,183,00:00:07,475.07,172.51,126.26,1.515,45.13,0.117,113.55,0.719,MID_DEFENSE_LAYER,PERSON,BFSR_01
T_1046,184,00:00:07,475.06,172.52,126.25,1.515,45.13,0.014,192.37,0.71,MID_DEFENSE_LAYER,PERSON,BFSR_01
T_1046,185,00:00:07,474.79,172.6,126.0,1.512,45.2,0.308,196.38,0.724,MID_DEFENSE_LAYER,PERSON,BFSR_01
T_1046,186,00:00:07,474.6,173.03,125.56,1.507,45.12,0.513,246.18,0.732,MID_DEFENSE_LAYER,PERSON,BFSR_01
T_1046,187,00:00:07,474.42,172.82,125.58,1.507,45.24,0.297,130.41,0.73,MID_DEFENSE_LAYER,PERSON,BFSR_01
T_1046,188,00:00:07,474.14,173.16,125.14,1.502,45.23,0.474,230.85,0.728,MID_DEFENSE_LAYER,PERSON,BFSR_01
T_1046,189,00:00:07,474.41,173.18,125.32,1.504,45.13,0.29,355.49,0.722,MID_DEFENSE_LAYER,PERSON,BFSR_01
T_1046,190,00:00:07,474.13,173.08,125.19,1.502,45.25,0.32,160.1,0.717,MID_DEFENSE_LAYER,PERSON,BFSR_01
T_1046,191,00:00:07,474.24,173.29,125.12,1.501,45.15,0.255,296.62,0.709,MID_DEFENSE_LAYER,PERSON,BFSR_01
T_1046,192,00:00:08,474.69,173.43,125.34,1.504,44.96,0.515,343.49,0.697,MID_DEFENSE_LAYER,PERSON,BFSR_01
T_1047,136,00:00:05,527.46,211.66,150.15,1.802,19.59,0.0,19.59,0.897,MID_DEFENSE_LAYER,PERSON,BFSR_01
T_1047,137,00:00:05,527.44,211.64,150.13,1.802,19.6,0.036,150.38,0.894,MID_DEFENSE_LAYER,PERSON,BFSR_01
T_1047,138,00:00:05,527.38,211.65,150.08,1.801,19.6,0.065,184.64,0.897,MID_DEFENSE_LAYER,PERSON,BFSR_01
T_1047,139,00:00:05,527.35,211.59,150.07,1.801,19.63,0.068,115.84,0.896,MID_DEFENSE_LAYER,PERSON,BFSR_01
T_1047,144,00:00:06,526.98,212.01,149.59,1.795,19.52,0.12,228.96,0.884,MID_DEFENSE_LAYER,PERSON,BFSR_01
T_1047,145,00:00:06,526.94,211.94,149.56,1.795,19.55,0.09,124.57,0.884,MID_DEFENSE_LAYER,PERSON,BFSR_01
T_1047,146,00:00:06,527.05,211.98,149.66,1.796,19.53,0.132,341.73,0.886,MID_DEFENSE_LAYER,PERSON,BFSR_01
T_1047,147,00:00:06,527.12,211.96,149.73,1.797,19.52,0.078,12.73,0.886,MID_DEFENSE_LAYER,PERSON,BFSR_01
T_1047,148,00:00:06,527.05,211.72,149.74,1.797,19.62,0.274,106.86,0.888,MID_DEFENSE_LAYER,PERSON,BFSR_01
T_1047,149,00:00:06,527.05,211.68,149.75,1.797,19.63,0.043,93.7,0.888,MID_DEFENSE_LAYER,PERSON,BFSR_01
T_1047,150,00:00:06,527.29,211.63,150.0,1.8,19.62,0.268,11.56,0.89,MID_DEFENSE_LAYER,PERSON,BFSR_01
T_1047,151,00:00:06,527.21,211.64,149.92,1.799,19.63,0.087,186.15,0.89,MID_DEFENSE_LAYER,PERSON,BFSR_01
T_1047,152,00:00:06,527.2,211.54,149.94,1.799,19.66,0.103,96.16,0.893,MID_DEFENSE_LAYER,PERSON,BFSR_01
T_1047,153,00:00:06,527.2,211.59,149.93,1.799,19.65,0.049,266.61,0.894,MID_DEFENSE_LAYER,PERSON,BFSR_01
T_1047,154,00:00:06,527.12,211.48,149.89,1.799,19.7,0.15,126.04,0.893,MID_DEFENSE_LAYER,PERSON,BFSR_01
T_1047,155,00:00:06,527.19,211.3,150.02,1.8,19.75,0.204,66.47,0.896,MID_DEFENSE_LAYER,PERSON,BFSR_01
T_1047,156,00:00:06,527.19,211.3,150.02,1.8,19.75,0.0,19.75,0.896,MID_DEFENSE_LAYER,PERSON,BFSR_01
T_1047,157,00:00:06,527.19,211.3,150.02,1.8,19.75,0.0,19.75,0.896,MID_DEFENSE_LAYER,PERSON,BFSR_01
T_1047,158,00:00:06,527.19,211.3,150.02,1.8,19.75,0.0,19.75,0.896,MID_DEFENSE_LAYER,PERSON,BFSR_01
T_1047,159,00:00:06,527.19,211.3,150.02,1.8,19.75,0.0,19.75,0.896,MID_DEFENSE_LAYER,PERSON,BFSR_01
T_1047,160,00:00:06,527.15,211.29,149.99,1.8,19.76,0.042,163.32,0.895,MID_DEFENSE_LAYER,PERSON,BFSR_01
T_1047,161,00:00:06,527.17,211.33,149.98,1.8,19.74,0.042,285.45,0.895,MID_DEFENSE_LAYER,PERSON,BFSR_01
T_1047,162,00:00:06,527.15,211.48,149.92,1.799,19.69,0.162,263.68,0.896,MID_DEFENSE_LAYER,PERSON,BFSR_01
T_1047,163,00:00:06,527.11,211.46,149.89,1.799,19.7,0.044,154.42,0.894,MID_DEFENSE_LAYER,PERSON,BFSR_01
T_1047,164,00:00:06,527.17,211.52,149.92,1.799,19.68,0.085,313.19,0.895,MID_DEFENSE_LAYER,PERSON,BFSR_01
T_1047,165,00:00:06,527.17,211.52,149.92,1.799,19.68,0.0,19.68,0.895,MID_DEFENSE_LAYER,PERSON,BFSR_01
T_1047,166,00:00:06,527.11,211.5,149.87,1.798,19.69,0.064,162.79,0.894,MID_DEFENSE_LAYER,PERSON,BFSR_01
T_1047,167,00:00:06,527.31,211.57,150.04,1.8,19.64,0.227,341.78,0.893,MID_DEFENSE_LAYER,PERSON,BFSR_01
T_1047,168,00:00:07,527.24,211.24,150.08,1.801,19.77,0.367,102.33,0.897,MID_DEFENSE_LAYER,PERSON,BFSR_01
T_1047,169,00:00:07,527.23,211.17,150.09,1.801,19.79,0.068,98.13,0.895,MID_DEFENSE_LAYER,PERSON,BFSR_01
T_1047,170,00:00:07,527.34,211.07,150.24,1.803,19.82,0.167,43.13,0.888,MID_DEFENSE_LAYER,PERSON,BFSR_01
T_1047,171,00:00:07,527.04,211.38,149.85,1.798,19.75,0.465,225.45,0.876,MID_DEFENSE_LAYER,PERSON,BFSR_01
T_1047,172,00:00:07,527.28,211.44,150.06,1.801,19.69,0.272,345.59,0.871,MID_DEFENSE_LAYER,PERSON,BFSR_01
T_1047,173,00:00:07,527.48,211.25,150.31,1.804,19.73,0.298,44.14,0.866,MID_DEFENSE_LAYER,PERSON,BFSR_01
T_1047,174,00:00:07,527.43,211.2,150.28,1.803,19.76,0.075,134.44,0.862,MID_DEFENSE_LAYER,PERSON,BFSR_01
T_1047,175,00:00:07,527.6,211.4,150.36,1.804,19.66,0.286,308.4,0.842,MID_DEFENSE_LAYER,PERSON,BFSR_01
T_1047,176,00:00:07,527.82,211.23,150.63,1.808,19.7,0.304,38.88,0.848,MID_DEFENSE_LAYER,PERSON,BFSR_01
T_1048,137,00:00:05,566.79,116.84,231.86,2.782,38.76,0.0,38.76,0.63,OUTER_MONITORING,PERSON,BFSR_01
T_1048,138,00:00:05,565.19,117.63,230.11,2.761,38.86,1.926,206.31,0.597,OUTER_MONITORING,PERSON,BFSR_01
T_1048,139,00:00:05,563.17,118.54,227.97,2.736,39.0,2.396,204.05,0.59,OUTER_MONITORING,PERSON,BFSR_01
T_1048,140,00:00:05,561.26,119.5,225.89,2.711,39.11,2.303,206.73,0.556,OUTER_MONITORING,PERSON,BFSR_01
T_1048,141,00:00:05,559.27,120.52,223.69,2.684,39.23,2.423,207.05,0.534,OUTER_MONITORING,PERSON,BFSR_01
T_1048,142,00:00:05,557.21,121.73,221.34,2.656,39.33,2.578,210.44,0.509,OUTER_MONITORING,PERSON,BFSR_01
T_1048,156,00:00:06,535.7,142.49,191.55,2.299,38.6,2.307,223.99,0.546,MID_DEFENSE_LAYER,PERSON,BFSR_01
T_1048,157,00:00:06,534.83,143.58,190.2,2.282,38.51,1.499,231.29,0.528,MID_DEFENSE_LAYER,PERSON,BFSR_01
T_1048,158,00:00:06,533.18,144.93,188.06,2.257,38.5,2.306,219.51,0.51,MID_DEFENSE_LAYER,PERSON,BFSR_01
T_1048,159,00:00:06,530.69,147.3,184.64,2.216,38.41,3.712,223.5,0.596,MID_DEFENSE_LAYER,PERSON,BFSR_01
T_1048,160,00:00:06,529.74,148.39,183.22,2.199,38.32,1.562,229.03,0.555,MID_DEFENSE_LAYER,PERSON,BFSR_01
T_1048,161,00:00:06,528.82,149.24,181.97,2.184,38.29,1.351,222.48,0.537,MID_DEFENSE_LAYER,PERSON,BFSR_01
T_1048,162,00:00:06,527.64,150.68,180.15,2.162,38.16,2.017,230.85,0.534,MID_DEFENSE_LAYER,PERSON,BFSR_01
T_1048,163,00:00:06,526.89,151.56,179.01,2.148,38.09,1.247,229.2,0.515,MID_DEFENSE_LAYER,PERSON,BFSR_01
T_1048,164,00:00:06,525.69,152.58,177.44,2.129,38.07,1.7,220.72,0.501,MID_DEFENSE_LAYER,PERSON,BFSR_01
T_1048,165,00:00:06,524.44,153.91,175.64,2.108,37.98,1.968,226.67,0.506,MID_DEFENSE_LAYER,PERSON,BFSR_01
T_1048,166,00:00:06,522.96,155.39,173.56,2.083,37.9,2.268,224.94,0.513,MID_DEFENSE_LAYER,PERSON,BFSR_01
T_1048,167,00:00:06,521.6,156.87,171.58,2.059,37.78,2.163,227.59,0.478,MID_DEFENSE_LAYER,PERSON,BFSR_01
T_1048,168,00:00:07,519.68,158.98,168.77,2.025,37.62,3.079,227.61,0.519,MID_DEFENSE_LAYER,PERSON,BFSR_01
T_1048,169,00:00:07,519.06,159.66,167.87,2.014,37.56,0.996,227.91,0.504,MID_DEFENSE_LAYER,PERSON,BFSR_01
T_1048,170,00:00:07,517.68,161.22,165.81,1.99,37.43,2.256,228.32,0.513,MID_DEFENSE_LAYER,PERSON,BFSR_01
T_1048,171,00:00:07,516.4,162.62,163.95,1.967,37.31,2.043,227.73,0.526,MID_DEFENSE_LAYER,PERSON,BFSR_01
T_1048,172,00:00:07,515.15,163.8,162.25,1.947,37.25,1.852,223.17,0.523,MID_DEFENSE_LAYER,PERSON,BFSR_01
T_1048,173,00:00:07,514.28,164.72,161.0,1.932,37.18,1.371,226.54,0.504,MID_DEFENSE_LAYER,PERSON,BFSR_01
T_1048,174,00:00:07,513.03,166.1,159.16,1.91,37.05,2.017,227.91,0.51,MID_DEFENSE_LAYER,PERSON,BFSR_01
T_1048,175,00:00:07,511.6,167.82,156.99,1.884,36.86,2.414,230.35,0.475,MID_DEFENSE_LAYER,PERSON,BFSR_01
T_1048,176,00:00:07,511.71,167.6,157.21,1.886,36.9,0.265,64.23,0.469,MID_DEFENSE_LAYER,PERSON,BFSR_01
T_1048,177,00:00:07,509.58,169.97,154.09,1.849,36.67,3.433,228.07,0.593,MID_DEFENSE_LAYER,PERSON,BFSR_01
T_1048,178,00:00:07,508.44,171.19,152.44,1.829,36.56,1.807,226.97,0.598,MID_DEFENSE_LAYER,PERSON,BFSR_01
T_1048,179,00:00:07,507.74,171.93,151.44,1.817,36.5,1.104,226.36,0.571,MID_DEFENSE_LAYER,PERSON,BFSR_01
T_1048,180,00:00:07,507.05,172.6,150.48,1.806,36.45,1.038,224.01,0.603,MID_DEFENSE_LAYER,PERSON,BFSR_01
T_1048,181,00:00:07,505.47,174.16,148.29,1.779,36.32,2.393,224.78,0.819,MID_DEFENSE_LAYER,PERSON,BFSR_01
T_1048,182,00:00:07,505.49,174.2,148.28,1.779,36.31,0.047,294.44,0.818,MID_DEFENSE_LAYER,PERSON,BFSR_01
T_1048,183,00:00:07,505.45,174.42,148.12,1.777,36.25,0.246,260.76,0.85,MID_DEFENSE_LAYER,PERSON,BFSR_01
T_1048,184,00:00:07,505.39,174.55,147.99,1.776,36.22,0.156,241.66,0.737,MID_DEFENSE_LAYER,PERSON,BFSR_01
T_1048,185,00:00:07,505.34,174.58,147.93,1.775,36.22,0.058,210.14,0.737,MID_DEFENSE_LAYER,PERSON,BFSR_01
T_1048,186,00:00:07,505.31,174.62,147.88,1.775,36.22,0.058,238.94,0.733,MID_DEFENSE_LAYER,PERSON,BFSR_01
T_1048,187,00:00:07,505.31,174.62,147.88,1.775,36.22,0.0,36.22,0.731,MID_DEFENSE_LAYER,PERSON,BFSR_01
T_1048,188,00:00:07,505.18,174.8,147.67,1.772,36.19,0.238,231.77,0.73,MID_DEFENSE_LAYER,PERSON,BFSR_01
T_1048,189,00:00:07,505.16,174.86,147.63,1.772,36.18,0.066,257.22,0.727,MID_DEFENSE_LAYER,PERSON,BFSR_01
T_1048,190,00:00:07,505.28,174.71,147.81,1.774,36.2,0.201,51.75,0.725,MID_DEFENSE_LAYER,PERSON,BFSR_01
T_1048,191,00:00:07,505.09,174.91,147.53,1.77,36.18,0.298,226.84,0.721,MID_DEFENSE_LAYER,PERSON,BFSR_01
T_1048,192,00:00:08,504.95,175.0,147.37,1.768,36.18,0.177,212.69,0.711,MID_DEFENSE_LAYER,PERSON,BFSR_01
T_1048,193,00:00:08,504.72,175.05,147.16,1.766,36.22,0.25,192.25,0.705,MID_DEFENSE_LAYER,PERSON,BFSR_01
T_1048,194,00:00:08,504.74,175.22,147.07,1.765,36.16,0.182,274.35,0.694,MID_DEFENSE_LAYER,PERSON,BFSR_01
T_1049,147,00:00:06,587.08,176.8,218.39,2.621,22.96,0.0,22.96,0.489,OUTER_MONITORING,PERSON,BFSR_01
T_1049,148,00:00:06,584.92,178.98,215.55,2.587,22.65,3.314,225.31,0.531,OUTER_MONITORING,PERSON,BFSR_01
T_1049,149,00:00:06,583.4,180.88,213.41,2.561,22.34,2.632,231.18,0.541,OUTER_MONITORING,PERSON,BFSR_01
T_1049,150,00:00:06,581.73,182.63,211.21,2.534,22.07,2.61,226.29,0.555,OUTER_MONITORING,PERSON,BFSR_01
T_1049,151,00:00:06,580.58,184.32,209.51,2.514,21.76,2.212,235.81,0.52,MID_DEFENSE_LAYER,PERSON,BFSR_01
T_1049,152,00:00:06,578.97,186.38,207.26,2.487,21.4,2.813,232.07,0.591,MID_DEFENSE_LAYER,PERSON,BFSR_01
T_1049,153,00:00:06,577.97,187.89,205.78,2.469,21.11,1.963,236.41,0.582,MID_DEFENSE_LAYER,PERSON,BFSR_01
T_1049,154,00:00:06,576.78,189.69,204.03,2.448,20.76,2.325,236.66,0.595,MID_DEFENSE_LAYER,PERSON,BFSR_01
T_1049,155,00:00:06,574.73,192.83,201.0,2.412,20.13,4.055,236.76,0.545,MID_DEFENSE_LAYER,PERSON,BFSR_01
T_1049,156,00:00:06,573.74,195.11,199.3,2.392,19.61,2.685,246.71,0.565,MID_DEFENSE_LAYER,PERSON,BFSR_01
T_1049,157,00:00:06,572.82,196.19,198.07,2.377,19.41,1.537,229.35,0.545,MID_DEFENSE_LAYER,PERSON,BFSR_01
T_1049,158,00:00:06,571.82,197.78,196.61,2.359,19.07,2.024,237.94,0.443,MID_DEFENSE_LAYER,PERSON,BFSR_01
T_1049,159,00:00:06,570.79,199.58,195.04,2.341,18.66,2.246,240.17,0.445,MID_DEFENSE_LAYER,PERSON,BFSR_01
T_1049,160,00:00:06,570.1,200.7,194.04,2.328,18.42,1.418,238.4,0.425,MID_DEFENSE_LAYER,PERSON,BFSR_01
T_1049,161,00:00:06,568.61,203.08,191.88,2.303,17.88,3.031,238.02,0.565,MID_DEFENSE_LAYER,PERSON,BFSR_01
T_1049,162,00:00:06,567.51,204.63,190.36,2.284,17.54,2.052,234.49,0.551,MID_DEFENSE_LAYER,PERSON,BFSR_01
T_1049,163,00:00:06,566.48,205.96,188.98,2.268,17.25,1.815,232.32,0.546,MID_DEFENSE_LAYER,PERSON,BFSR_01
T_1049,164,00:00:06,565.98,207.05,188.18,2.258,16.98,1.302,245.38,0.532,MID_DEFENSE_LAYER,PERSON,BFSR_01
T_1049,165,00:00:06,564.95,208.61,186.74,2.241,16.61,2.016,236.39,0.536,MID_DEFENSE_LAYER,PERSON,BFSR_01
T_1049,166,00:00:06,564.33,209.55,185.88,2.231,16.39,1.217,236.53,0.517,MID_DEFENSE_LAYER,PERSON,BFSR_01
T_1049,167,00:00:06,563.2,211.38,184.29,2.211,15.94,2.323,238.56,0.529,MID_DEFENSE_LAYER,PERSON,BFSR_01
T_1049,168,00:00:07,562.48,212.31,183.34,2.2,15.72,1.269,232.02,0.511,MID_DEFENSE_LAYER,PERSON,BFSR_01
T_1049,169,00:00:07,561.5,213.87,181.99,2.184,15.34,1.983,237.89,0.533,MID_DEFENSE_LAYER,PERSON,BFSR_01
T_1049,170,00:00:07,559.61,216.2,179.55,2.155,14.78,3.243,230.96,0.611,MID_DEFENSE_LAYER,PERSON,BFSR_01
T_1049,171,00:00:07,558.73,217.39,178.4,2.141,14.48,1.597,233.46,0.572,MID_DEFENSE_LAYER,PERSON,BFSR_01
T_1049,172,00:00:07,557.98,218.27,177.45,2.129,14.27,1.252,229.42,0.551,MID_DEFENSE_LAYER,PERSON,BFSR_01
T_1049,173,00:00:07,556.42,220.36,175.43,2.105,13.73,2.82,233.27,0.641,MID_DEFENSE_LAYER,PERSON,BFSR_01
T_1049,174,00:00:07,555.66,221.2,174.49,2.094,13.52,1.228,227.94,0.623,MID_DEFENSE_LAYER,PERSON,BFSR_01
T_1049,175,00:00:07,555.18,221.84,173.88,2.087,13.35,0.859,233.61,0.605,MID_DEFENSE_LAYER,PERSON,BFSR_01
T_1049,176,00:00:07,554.76,222.53,173.31,2.08,13.16,0.87,238.29,0.73,MID_DEFENSE_LAYER,PERSON,BFSR_01
T_1049,177,00:00:07,554.51,222.65,173.05,2.077,13.14,0.296,206.06,0.721,MID_DEFENSE_LAYER,PERSON,BFSR_01
T_1049,178,00:00:07,554.11,223.23,172.52,2.07,12.99,0.76,234.8,0.786,MID_DEFENSE_LAYER,PERSON,BFSR_01
T_1049,179,00:00:07,553.96,223.43,172.33,2.068,12.93,0.273,233.42,0.822,MID_DEFENSE_LAYER,PERSON,BFSR_01
T_1049,180,00:00:07,553.93,223.73,172.23,2.067,12.84,0.329,264.11,0.865,MID_DEFENSE_LAYER,PERSON,BFSR_01
T_1049,181,00:00:07,553.93,223.61,172.26,2.067,12.88,0.132,88.3,0.859,MID_DEFENSE_LAYER,PERSON,BFSR_01
T_1049,182,00:00:07,553.93,223.61,172.26,2.067,12.88,0.0,12.88,0.858,MID_DEFENSE_LAYER,PERSON,BFSR_01
T_1049,183,00:00:07,553.84,223.6,172.18,2.066,12.89,0.094,175.28,0.85,MID_DEFENSE_LAYER,PERSON,BFSR_01
T_1049,184,00:00:07,553.69,223.71,172.0,2.064,12.86,0.206,214.49,0.898,MID_DEFENSE_LAYER,PERSON,BFSR_01
T_1049,185,00:00:07,553.71,223.64,172.04,2.064,12.88,0.077,73.59,0.894,MID_DEFENSE_LAYER,PERSON,BFSR_01
T_1049,186,00:00:07,553.63,223.66,171.96,2.064,12.88,0.08,197.51,0.89,MID_DEFENSE_LAYER,PERSON,BFSR_01
T_1049,187,00:00:07,553.72,223.63,172.05,2.065,12.88,0.098,19.26,0.884,MID_DEFENSE_LAYER,PERSON,BFSR_01
T_1049,188,00:00:07,553.22,224.04,171.48,2.058,12.79,0.694,219.07,0.882,MID_DEFENSE_LAYER,PERSON,BFSR_01
T_1049,189,00:00:07,553.45,223.85,171.74,2.061,12.83,0.316,39.86,0.871,MID_DEFENSE_LAYER,PERSON,BFSR_01
T_1049,190,00:00:07,553.28,223.85,171.57,2.059,12.85,0.184,178.93,0.862,MID_DEFENSE_LAYER,PERSON,BFSR_01
T_1049,191,00:00:07,553.16,224.0,171.43,2.057,12.81,0.203,233.44,0.855,MID_DEFENSE_LAYER,PERSON,BFSR_01
T_1050,156,00:00:06,453.62,109.05,167.23,2.007,66.15,0.0,66.15,0.474,MID_DEFENSE_LAYER,PERSON,BFSR_01
T_1050,159,00:00:06,501.49,153.2,158.67,1.904,43.29,23.441,317.32,0.393,MID_DEFENSE_LAYER,PERSON,BFSR_01
T_1050,164,00:00:06,436.9,118.84,151.94,1.823,70.43,15.803,151.99,0.494,MID_DEFENSE_LAYER,PERSON,BFSR_01
T_1050,165,00:00:06,435.6,119.68,150.72,1.809,70.79,1.663,212.85,0.473,MID_DEFENSE_LAYER,PERSON,BFSR_01
T_1050,166,00:00:06,433.92,120.6,149.3,1.792,71.28,2.076,208.84,0.478,MID_DEFENSE_LAYER,PERSON,BFSR_01
T_1050,168,00:00:07,430.85,122.65,146.39,1.757,72.16,1.993,213.64,0.396,MID_DEFENSE_LAYER,PERSON,BFSR_01
T_1050,169,00:00:07,429.89,123.33,145.45,1.745,72.44,1.265,215.55,0.385,MID_DEFENSE_LAYER,PERSON,BFSR_01
T_1050,170,00:00:07,427.97,124.42,143.84,1.726,73.03,2.385,209.7,0.403,MID_DEFENSE_LAYER,PERSON,BFSR_01
T_1050,171,00:00:07,426.54,125.37,142.52,1.71,73.47,1.853,213.51,0.411,MID_DEFENSE_LAYER,PERSON,BFSR_01
T_1050,172,00:00:07,425.56,126.15,141.49,1.698,73.76,1.354,218.48,0.479,MID_DEFENSE_LAYER,PERSON,BFSR_01
T_1050,173,00:00:07,422.82,128.05,138.92,1.667,74.63,3.604,214.78,0.568,MID_DEFENSE_LAYER,PERSON,BFSR_01
T_1050,174,00:00:07,421.24,129.15,137.44,1.649,75.15,2.083,214.67,0.594,MID_DEFENSE_LAYER,PERSON,BFSR_01
T_1050,175,00:00:07,420.64,129.56,136.9,1.643,75.34,0.777,214.61,0.7,MID_DEFENSE_LAYER,PERSON,BFSR_01
T_1050,176,00:00:07,420.48,129.66,136.76,1.641,75.4,0.207,210.14,0.687,MID_DEFENSE_LAYER,PERSON,BFSR_01
T_1050,177,00:00:07,419.95,130.07,136.22,1.635,75.57,0.729,218.37,0.747,MID_DEFENSE_LAYER,PERSON,BFSR_01
T_1050,178,00:00:07,419.58,130.35,135.86,1.63,75.69,0.499,216.79,0.806,MID_DEFENSE_LAYER,PERSON,BFSR_01
T_1050,179,00:00:07,419.62,130.34,135.88,1.631,75.68,0.046,13.92,0.817,MID_DEFENSE_LAYER,PERSON,BFSR_01
T_1050,180,00:00:07,419.27,130.46,135.69,1.628,75.81,0.399,198.24,0.838,MID_DEFENSE_LAYER,PERSON,BFSR_01
T_1050,181,00:00:07,419.05,130.69,135.4,1.625,75.87,0.347,226.67,0.903,MID_DEFENSE_LAYER,PERSON,BFSR_01
T_1050,182,00:00:07,419.08,130.65,135.45,1.625,75.87,0.057,55.13,0.902,MID_DEFENSE_LAYER,PERSON,BFSR_01
T_1050,183,00:00:07,418.98,130.59,135.49,1.626,75.91,0.129,149.34,0.901,MID_DEFENSE_LAYER,PERSON,BFSR_01
T_1050,184,00:00:07,419.13,130.36,135.75,1.629,75.87,0.297,56.08,0.9,MID_DEFENSE_LAYER,PERSON,BFSR_01
T_1050,185,00:00:07,419.01,130.44,135.64,1.628,75.92,0.157,212.84,0.899,MID_DEFENSE_LAYER,PERSON,BFSR_01
T_1050,186,00:00:07,418.99,130.44,135.64,1.628,75.92,0.017,177.44,0.896,MID_DEFENSE_LAYER,PERSON,BFSR_01
T_1050,187,00:00:07,419.02,130.15,135.93,1.631,75.94,0.315,83.69,0.895,MID_DEFENSE_LAYER,PERSON,BFSR_01
T_1050,188,00:00:07,419.01,130.15,135.92,1.631,75.94,0.016,208.53,0.888,MID_DEFENSE_LAYER,PERSON,BFSR_01
T_1050,189,00:00:07,419.24,130.31,135.82,1.63,75.83,0.301,325.58,0.888,MID_DEFENSE_LAYER,PERSON,BFSR_01
T_1050,190,00:00:07,419.11,130.54,135.56,1.627,75.86,0.287,241.45,0.876,MID_DEFENSE_LAYER,PERSON,BFSR_01
T_1050,191,00:00:07,419.09,130.45,135.65,1.628,75.88,0.108,102.3,0.872,MID_DEFENSE_LAYER,PERSON,BFSR_01
T_1050,192,00:00:08,419.13,130.13,135.96,1.632,75.89,0.339,82.15,0.855,MID_DEFENSE_LAYER,PERSON,BFSR_01
T_1050,193,00:00:08,419.02,130.54,135.54,1.626,75.9,0.459,254.84,0.84,MID_DEFENSE_LAYER,PERSON,BFSR_01
T_1051,165,00:00:06,395.91,199.01,63.77,0.765,81.06,0.0,81.06,0.53,INNER_CRITICAL_ZONE,PERSON,BFSR_01
T_1051,166,00:00:06,395.83,199.0,63.76,0.765,81.13,0.087,174.14,0.528,INNER_CRITICAL_ZONE,PERSON,BFSR_01
T_1051,167,00:00:06,395.83,199.0,63.76,0.765,81.13,0.0,81.13,0.528,INNER_CRITICAL_ZONE,PERSON,BFSR_01
T_1051,168,00:00:07,396.33,198.96,63.88,0.767,80.69,0.541,4.52,0.53,INNER_CRITICAL_ZONE,PERSON,BFSR_01
T_1053,179,00:00:07,530.45,53.8,253.4,3.041,55.25,0.0,55.25,0.749,OUTER_MONITORING,PERSON,BFSR_01
T_1053,180,00:00:07,529.82,53.94,252.93,3.035,55.35,0.695,192.47,0.718,OUTER_MONITORING,PERSON,BFSR_01
T_1053,181,00:00:07,530.1,54.24,252.84,3.034,55.26,0.443,313.68,0.699,OUTER_MONITORING,PERSON,BFSR_01
T_1055,184,00:00:07,183.0,358.0,224.56,2.695,205.31,0.0,205.31,0.79,OUTER_MONITORING,PERSON,BFSR_01
T_1055,186,00:00:07,185.28,376.86,231.26,2.775,209.78,10.256,276.89,0.641,OUTER_MONITORING,PERSON,BFSR_01
T_1055,187,00:00:07,185.3,376.84,231.24,2.775,209.78,0.028,39.57,0.641,OUTER_MONITORING,PERSON,BFSR_01
T_1059,188,00:00:07,411.44,168.38,97.01,1.164,74.8,0.0,74.8,0.59,INNER_CRITICAL_ZONE,PERSON,BFSR_01
T_1059,189,00:00:07,413.81,166.33,99.63,1.196,73.79,3.39,40.92,0.64,INNER_CRITICAL_ZONE,PERSON,BFSR_01
T_1059,190,00:00:07,413.24,166.31,99.49,1.194,74.11,0.617,178.34,0.638,INNER_CRITICAL_ZONE,PERSON,BFSR_01
T_1059,191,00:00:07,413.45,165.97,99.88,1.199,74.05,0.437,58.75,0.637,INNER_CRITICAL_ZONE,PERSON,BFSR_01
T_1060,195,00:00:08,243.28,107.0,210.7,2.528,132.64,0.0,132.64,0.893,OUTER_MONITORING,PERSON,BFSR_01
T_1060,196,00:00:08,243.29,107.08,210.64,2.528,132.65,0.083,275.11,0.893,OUTER_MONITORING,PERSON,BFSR_01
T_1060,197,00:00:08,243.4,107.31,210.39,2.525,132.67,0.278,295.42,0.896,OUTER_MONITORING,PERSON,BFSR_01
T_1060,198,00:00:08,243.26,107.49,210.35,2.524,132.73,0.25,232.77,0.817,OUTER_MONITORING,PERSON,BFSR_01
T_1060,199,00:00:08,242.93,107.03,210.91,2.531,132.71,0.608,125.24,0.9,OUTER_MONITORING,PERSON,BFSR_01
T_1060,200,00:00:08,242.86,106.79,211.14,2.534,132.68,0.272,105.99,0.899,OUTER_MONITORING,PERSON,BFSR_01
T_1060,201,00:00:08,243.06,106.97,210.87,2.53,132.67,0.289,319.2,0.9,OUTER_MONITORING,PERSON,BFSR_01
T_1060,202,00:00:08,243.02,106.73,211.08,2.533,132.64,0.261,101.07,0.901,OUTER_MONITORING,PERSON,BFSR_01
T_1060,203,00:00:08,242.95,106.84,211.05,2.533,132.67,0.138,236.08,0.903,OUTER_MONITORING,PERSON,BFSR_01
T_1060,204,00:00:08,243.12,106.84,210.92,2.531,132.64,0.189,359.16,0.903,OUTER_MONITORING,PERSON,BFSR_01
T_1060,205,00:00:08,243.17,106.92,210.83,2.53,132.64,0.104,302.57,0.902,OUTER_MONITORING,PERSON,BFSR_01
T_1060,206,00:00:08,243.15,106.95,210.83,2.53,132.66,0.044,228.26,0.901,OUTER_MONITORING,PERSON,BFSR_01
T_1060,207,00:00:08,243.16,106.95,210.82,2.53,132.65,0.012,350.94,0.901,OUTER_MONITORING,PERSON,BFSR_01
T_1060,208,00:00:08,243.25,106.86,210.82,2.53,132.62,0.141,44.88,0.901,OUTER_MONITORING,PERSON,BFSR_01
T_1060,209,00:00:08,243.25,106.86,210.82,2.53,132.62,0.0,132.62,0.901,OUTER_MONITORING,PERSON,BFSR_01
T_1060,210,00:00:08,243.26,106.87,210.81,2.53,132.62,0.018,296.75,0.901,OUTER_MONITORING,PERSON,BFSR_01
T_1060,211,00:00:08,243.27,106.85,210.82,2.53,132.61,0.033,68.24,0.901,OUTER_MONITORING,PERSON,BFSR_01
T_1060,212,00:00:08,243.28,106.93,210.75,2.529,132.62,0.091,278.71,0.901,OUTER_MONITORING,PERSON,BFSR_01
T_1060,213,00:00:08,243.28,106.93,210.75,2.529,132.62,0.0,132.62,0.901,OUTER_MONITORING,PERSON,BFSR_01
T_1060,214,00:00:08,243.29,106.94,210.73,2.529,132.63,0.018,306.16,0.901,OUTER_MONITORING,PERSON,BFSR_01
T_1060,215,00:00:08,243.26,106.95,210.75,2.529,132.63,0.033,197.34,0.901,OUTER_MONITORING,PERSON,BFSR_01
T_1060,216,00:00:09,243.47,107.02,210.56,2.527,132.6,0.235,342.46,0.901,OUTER_MONITORING,PERSON,BFSR_01
T_1060,217,00:00:09,243.52,107.01,210.53,2.526,132.59,0.061,12.43,0.901,OUTER_MONITORING,PERSON,BFSR_01
T_1060,218,00:00:09,243.54,106.95,210.56,2.527,132.58,0.067,72.33,0.902,OUTER_MONITORING,PERSON,BFSR_01
T_1060,219,00:00:09,243.46,107.03,210.56,2.527,132.61,0.13,223.64,0.9,OUTER_MONITORING,PERSON,BFSR_01
T_1060,220,00:00:09,243.43,107.32,210.37,2.524,132.67,0.314,264.22,0.887,OUTER_MONITORING,PERSON,BFSR_01
T_1060,221,00:00:09,243.28,107.63,210.24,2.523,132.76,0.377,244.47,0.881,OUTER_MONITORING,PERSON,BFSR_01
T_1060,222,00:00:09,243.44,107.9,209.93,2.519,132.77,0.338,301.0,0.893,MID_DEFENSE_LAYER,PERSON,BFSR_01
T_1060,223,00:00:09,243.41,108.15,209.76,2.517,132.83,0.274,263.96,0.892,MID_DEFENSE_LAYER,PERSON,BFSR_01
T_1060,224,00:00:09,243.37,107.95,209.94,2.519,132.8,0.224,102.62,0.892,MID_DEFENSE_LAYER,PERSON,BFSR_01
T_1060,225,00:00:09,243.56,107.74,209.96,2.52,132.72,0.308,46.67,0.891,MID_DEFENSE_LAYER,PERSON,BFSR_01
T_1060,231,00:00:09,246.94,107.4,207.94,2.495,131.97,0.612,5.86,0.854,MID_DEFENSE_LAYER,PERSON,BFSR_01
T_1060,232,00:00:09,244.05,106.25,210.73,2.529,132.35,3.36,158.41,0.86,OUTER_MONITORING,PERSON,BFSR_01
T_1060,233,00:00:09,243.45,106.97,210.61,2.527,132.6,1.01,229.74,0.847,OUTER_MONITORING,PERSON,BFSR_01
T_1060,234,00:00:09,243.74,107.42,210.08,2.521,132.62,0.583,303.31,0.847,OUTER_MONITORING,PERSON,BFSR_01
T_1061,198,00:00:08,233.03,154.4,187.02,2.244,144.88,0.0,144.88,0.889,MID_DEFENSE_LAYER,PERSON,BFSR_01
T_1061,199,00:00:08,233.21,154.24,186.97,2.244,144.81,0.258,41.93,0.895,MID_DEFENSE_LAYER,PERSON,BFSR_01
T_1061,200,00:00:08,233.46,154.3,186.73,2.241,144.78,0.283,347.39,0.898,MID_DEFENSE_LAYER,PERSON,BFSR_01
T_1061,201,00:00:08,233.45,154.21,186.79,2.241,144.76,0.095,97.91,0.896,MID_DEFENSE_LAYER,PERSON,BFSR_01
T_1061,202,00:00:08,234.23,154.09,186.22,2.235,144.59,0.853,8.8,0.883,MID_DEFENSE_LAYER,PERSON,BFSR_01
T_1061,203,00:00:08,234.3,154.15,186.13,2.234,144.59,0.096,323.56,0.883,MID_DEFENSE_LAYER,PERSON,BFSR_01
T_1061,204,00:00:08,234.49,153.99,186.06,2.233,144.52,0.263,38.64,0.859,MID_DEFENSE_LAYER,PERSON,BFSR_01
T_1061,205,00:00:08,234.28,153.94,186.27,2.235,144.54,0.239,165.15,0.774,MID_DEFENSE_LAYER,PERSON,BFSR_01
T_1061,206,00:00:08,233.46,153.97,186.92,2.243,144.69,0.882,182.28,0.894,MID_DEFENSE_LAYER,PERSON,BFSR_01
T_1061,207,00:00:08,233.37,154.16,186.88,2.243,144.76,0.227,244.12,0.895,MID_DEFENSE_LAYER,PERSON,BFSR_01
T_1061,208,00:00:08,233.45,154.25,186.77,2.241,144.77,0.126,311.33,0.894,MID_DEFENSE_LAYER,PERSON,BFSR_01
T_1061,209,00:00:08,233.48,154.26,186.74,2.241,144.76,0.034,336.45,0.896,MID_DEFENSE_LAYER,PERSON,BFSR_01
T_1061,210,00:00:08,233.46,154.26,186.76,2.241,144.77,0.02,177.35,0.896,MID_DEFENSE_LAYER,PERSON,BFSR_01
T_1061,211,00:00:08,233.46,154.26,186.76,2.241,144.77,0.0,144.77,0.896,MID_DEFENSE_LAYER,PERSON,BFSR_01
T_1061,212,00:00:08,234.29,154.11,186.16,2.234,144.58,0.909,9.91,0.745,MID_DEFENSE_LAYER,PERSON,BFSR_01
T_1061,213,00:00:08,234.1,154.08,186.33,2.236,144.61,0.203,170.89,0.747,MID_DEFENSE_LAYER,PERSON,BFSR_01
T_1061,214,00:00:08,234.5,153.93,186.1,2.233,144.5,0.465,21.45,0.806,MID_DEFENSE_LAYER,PERSON,BFSR_01
T_1061,215,00:00:08,234.58,153.92,186.03,2.232,144.48,0.09,4.37,0.828,MID_DEFENSE_LAYER,PERSON,BFSR_01
T_1061,216,00:00:09,234.75,153.71,186.02,2.232,144.4,0.292,51.39,0.877,MID_DEFENSE_LAYER,PERSON,BFSR_01
T_1061,217,00:00:09,234.7,153.74,186.04,2.232,144.42,0.067,215.62,0.878,MID_DEFENSE_LAYER,PERSON,BFSR_01
T_1061,218,00:00:09,234.66,153.7,186.1,2.233,144.41,0.065,131.56,0.894,MID_DEFENSE_LAYER,PERSON,BFSR_01
T_1061,219,00:00:09,234.67,153.74,186.07,2.233,144.42,0.041,279.4,0.879,MID_DEFENSE_LAYER,PERSON,BFSR_01
T_1061,220,00:00:09,234.62,153.73,186.11,2.233,144.43,0.049,173.74,0.89,MID_DEFENSE_LAYER,PERSON,BFSR_01
T_1061,221,00:00:09,234.58,153.73,186.15,2.234,144.43,0.049,176.06,0.893,MID_DEFENSE_LAYER,PERSON,BFSR_01
T_1061,226,00:00:09,234.49,154.56,185.73,2.229,144.66,0.18,264.27,0.811,MID_DEFENSE_LAYER,PERSON,BFSR_01
T_1061,231,00:00:09,236.01,153.05,185.39,2.225,144.01,0.462,44.93,0.718,MID_DEFENSE_LAYER,PERSON,BFSR_01
T_1061,232,00:00:09,232.78,153.2,187.92,2.255,144.62,3.49,182.71,0.868,MID_DEFENSE_LAYER,PERSON,BFSR_01
T_1061,233,00:00:09,232.93,153.34,187.72,2.253,144.63,0.216,317.49,0.857,MID_DEFENSE_LAYER,PERSON,BFSR_01
T_1061,234,00:00:09,233.08,153.97,187.22,2.247,144.76,0.708,283.76,0.854,MID_DEFENSE_LAYER,PERSON,BFSR_01
T_1061,235,00:00:09,232.51,153.56,187.93,2.255,144.76,0.764,143.96,0.815,MID_DEFENSE_LAYER,PERSON,BFSR_01
T_1062,202,00:00:08,283.55,177.88,132.56,1.591,140.61,0.0,140.61,0.883,MID_DEFENSE_LAYER,PERSON,BFSR_01
T_1062,203,00:00:08,283.48,177.53,132.84,1.594,140.51,0.384,101.61,0.884,MID_DEFENSE_LAYER,PERSON,BFSR_01
T_1062,204,00:00:08,283.32,177.57,132.94,1.595,140.57,0.177,193.68,0.886,MID_DEFENSE_LAYER,PERSON,BFSR_01
T_1062,205,00:00:08,283.22,177.53,133.04,1.597,140.59,0.12,159.33,0.891,MID_DEFENSE_LAYER,PERSON,BFSR_01
T_1062,206,00:00:08,283.2,177.7,132.95,1.595,140.65,0.191,263.6,0.892,MID_DEFENSE_LAYER,PERSON,BFSR_01
T_1062,207,00:00:08,283.44,177.68,132.77,1.593,140.57,0.269,5.63,0.894,MID_DEFENSE_LAYER,PERSON,BFSR_01
T_1062,208,00:00:08,283.19,177.54,133.05,1.597,140.6,0.308,151.96,0.895,MID_DEFENSE_LAYER,PERSON,BFSR_01
T_1062,209,00:00:08,283.43,177.44,132.93,1.595,140.5,0.279,23.56,0.894,MID_DEFENSE_LAYER,PERSON,BFSR_01
T_1062,210,00:00:08,283.5,177.53,132.82,1.594,140.51,0.119,307.57,0.896,MID_DEFENSE_LAYER,PERSON,BFSR_01
T_1062,211,00:00:08,283.45,177.36,132.97,1.596,140.47,0.19,106.07,0.897,MID_DEFENSE_LAYER,PERSON,BFSR_01
T_1062,212,00:00:08,283.28,177.22,133.19,1.598,140.47,0.234,140.58,0.897,MID_DEFENSE_LAYER,PERSON,BFSR_01
T_1062,213,00:00:08,283.44,177.24,133.05,1.597,140.43,0.174,352.19,0.897,MID_DEFENSE_LAYER,PERSON,BFSR_01
T_1062,214,00:00:08,283.32,177.05,133.27,1.599,140.4,0.248,122.31,0.896,MID_DEFENSE_LAYER,PERSON,BFSR_01
T_1062,215,00:00:08,283.39,177.1,133.18,1.598,140.4,0.096,324.59,0.896,MID_DEFENSE_LAYER,PERSON,BFSR_01
T_1062,216,00:00:09,283.35,177.12,133.2,1.598,140.41,0.051,202.95,0.897,MID_DEFENSE_LAYER,PERSON,BFSR_01
T_1062,217,00:00:09,283.42,177.0,133.22,1.599,140.35,0.158,58.35,0.897,MID_DEFENSE_LAYER,PERSON,BFSR_01
T_1062,218,00:00:09,283.42,177.07,133.17,1.598,140.38,0.081,270.19,0.897,MID_DEFENSE_LAYER,PERSON,BFSR_01
T_1062,219,00:00:09,283.43,177.04,133.19,1.598,140.36,0.033,74.93,0.897,MID_DEFENSE_LAYER,PERSON,BFSR_01
T_1062,220,00:00:09,283.66,177.04,133.01,1.596,140.3,0.244,0.73,0.897,MID_DEFENSE_LAYER,PERSON,BFSR_01
T_1062,221,00:00:09,283.68,177.27,132.85,1.594,140.37,0.248,275.99,0.894,MID_DEFENSE_LAYER,PERSON,BFSR_01
T_1062,235,00:00:09,308.12,125.13,157.48,1.89,119.64,4.442,64.88,0.494,MID_DEFENSE_LAYER,PERSON,BFSR_01
T_1062,236,00:00:09,309.73,125.16,156.66,1.88,119.13,1.732,358.92,0.475,MID_DEFENSE_LAYER,PERSON,BFSR_01
T_1063,202,00:00:08,273.74,148.92,159.34,1.912,134.79,0.0,134.79,0.547,MID_DEFENSE_LAYER,PERSON,BFSR_01
T_1063,203,00:00:08,273.55,148.56,159.73,1.917,134.75,0.433,117.49,0.716,MID_DEFENSE_LAYER,PERSON,BFSR_01
T_1063,204,00:00:08,273.83,148.96,159.25,1.911,134.78,0.524,305.04,0.733,MID_DEFENSE_LAYER,PERSON,BFSR_01
T_1063,205,00:00:08,273.79,148.7,159.46,1.913,134.72,0.284,98.34,0.584,MID_DEFENSE_LAYER,PERSON,BFSR_01
T_1063,206,00:00:08,273.79,148.71,159.46,1.914,134.73,0.009,217.8,0.682,MID_DEFENSE_LAYER,PERSON,BFSR_01
T_1063,207,00:00:08,273.91,148.98,159.18,1.91,134.76,0.324,294.1,0.716,MID_DEFENSE_LAYER,PERSON,BFSR_01
T_1063,208,00:00:08,273.8,148.63,159.5,1.914,134.7,0.397,107.18,0.683,MID_DEFENSE_LAYER,PERSON,BFSR_01
T_1063,209,00:00:08,273.73,148.37,159.74,1.917,134.66,0.29,106.33,0.711,MID_DEFENSE_LAYER,PERSON,BFSR_01
T_1063,210,00:00:08,273.67,148.62,159.6,1.915,134.73,0.276,257.94,0.706,MID_DEFENSE_LAYER,PERSON,BFSR_01
T_1063,211,00:00:08,273.8,148.34,159.71,1.916,134.63,0.331,64.66,0.723,MID_DEFENSE_LAYER,PERSON,BFSR_01
T_1063,212,00:00:08,273.77,148.21,159.82,1.918,134.6,0.15,102.76,0.701,MID_DEFENSE_LAYER,PERSON,BFSR_01
T_1063,213,00:00:08,273.81,148.21,159.8,1.918,134.59,0.043,3.05,0.722,MID_DEFENSE_LAYER,PERSON,BFSR_01
T_1063,214,00:00:08,273.83,147.82,160.06,1.921,134.49,0.413,87.71,0.662,MID_DEFENSE_LAYER,PERSON,BFSR_01
T_1063,215,00:00:08,273.61,148.09,160.02,1.92,134.61,0.367,230.78,0.703,MID_DEFENSE_LAYER,PERSON,BFSR_01
T_1063,216,00:00:09,273.86,147.71,160.12,1.921,134.46,0.488,57.02,0.636,MID_DEFENSE_LAYER,PERSON,BFSR_01
T_1063,217,00:00:09,273.71,147.74,160.2,1.922,134.5,0.17,193.7,0.657,MID_DEFENSE_LAYER,PERSON,BFSR_01
T_1063,218,00:00:09,273.64,147.68,160.29,1.924,134.5,0.1,134.79,0.625,MID_DEFENSE_LAYER,PERSON,BFSR_01
T_1063,219,00:00:09,273.69,147.59,160.32,1.924,134.47,0.109,59.54,0.664,MID_DEFENSE_LAYER,PERSON,BFSR_01
T_1063,220,00:00:09,273.66,147.37,160.5,1.926,134.42,0.247,98.33,0.6,MID_DEFENSE_LAYER,PERSON,BFSR_01
T_1063,221,00:00:09,273.99,148.25,159.64,1.916,134.56,1.024,290.57,0.615,MID_DEFENSE_LAYER,PERSON,BFSR_01
T_1063,232,00:00:09,280.64,162.53,144.9,1.739,136.65,1.546,294.96,0.606,MID_DEFENSE_LAYER,PERSON,BFSR_01
T_1063,233,00:00:09,279.0,161.86,146.55,1.759,136.9,1.911,157.79,0.474,MID_DEFENSE_LAYER,PERSON,BFSR_01
T_1063,234,00:00:09,279.2,162.17,146.19,1.754,136.93,0.4,302.44,0.468,MID_DEFENSE_LAYER,PERSON,BFSR_01
T_1063,235,00:00:09,279.41,162.14,146.06,1.753,136.87,0.238,9.05,0.466,MID_DEFENSE_LAYER,PERSON,BFSR_01
T_1063,236,00:00:09,279.8,163.08,145.13,1.742,137.03,1.101,292.07,0.451,MID_DEFENSE_LAYER,PERSON,BFSR_01
T_1064,213,00:00:08,199.11,206.89,194.85,2.338,163.57,0.0,163.57,0.717,MID_DEFENSE_LAYER,PERSON,BFSR_01
T_1064,214,00:00:08,199.02,206.97,194.91,2.339,163.6,0.125,221.91,0.731,MID_DEFENSE_LAYER,PERSON,BFSR_01
T_1064,215,00:00:08,199.32,206.81,194.67,2.336,163.53,0.362,28.14,0.732,MID_DEFENSE_LAYER,PERSON,BFSR_01
T_1064,220,00:00:09,200.12,203.69,194.81,2.338,162.58,0.695,75.57,0.528,MID_DEFENSE_LAYER,PERSON,BFSR_01
T_1064,221,00:00:09,199.78,202.95,195.36,2.344,162.41,0.885,114.3,0.442,MID_DEFENSE_LAYER,PERSON,BFSR_01
T_1064,222,00:00:09,199.81,202.89,195.34,2.344,162.39,0.066,60.65,0.464,MID_DEFENSE_LAYER,PERSON,BFSR_01
T_1064,223,00:00:09,199.85,203.46,195.14,2.342,162.54,0.612,273.58,0.457,MID_DEFENSE_LAYER,PERSON,BFSR_01
T_1064,224,00:00:09,200.11,203.64,194.83,2.338,162.57,0.346,326.12,0.503,MID_DEFENSE_LAYER,PERSON,BFSR_01
T_1064,225,00:00:09,200.31,203.94,194.56,2.335,162.64,0.388,302.11,0.493,MID_DEFENSE_LAYER,PERSON,BFSR_01
T_1064,226,00:00:09,200.06,204.69,194.57,2.335,162.87,0.853,252.03,0.602,MID_DEFENSE_LAYER,PERSON,BFSR_01
T_1064,227,00:00:09,200.23,204.55,194.45,2.333,162.82,0.235,39.84,0.553,MID_DEFENSE_LAYER,PERSON,BFSR_01
T_1064,228,00:00:09,200.5,204.23,194.28,2.331,162.7,0.461,49.88,0.512,MID_DEFENSE_LAYER,PERSON,BFSR_01
T_1064,229,00:00:09,200.44,204.76,194.19,2.33,162.86,0.578,262.97,0.581,MID_DEFENSE_LAYER,PERSON,BFSR_01
T_1064,230,00:00:09,200.82,204.33,193.95,2.327,162.7,0.622,48.33,0.516,MID_DEFENSE_LAYER,PERSON,BFSR_01
T_1064,231,00:00:09,200.7,204.7,193.96,2.327,162.82,0.427,251.76,0.554,MID_DEFENSE_LAYER,PERSON,BFSR_01
T_1064,232,00:00:09,200.76,204.9,193.84,2.326,162.87,0.228,287.05,0.573,MID_DEFENSE_LAYER,PERSON,BFSR_01
T_1064,233,00:00:09,200.81,204.94,193.79,2.325,162.87,0.059,326.3,0.547,MID_DEFENSE_LAYER,PERSON,BFSR_01
T_1064,234,00:00:09,200.51,205.29,193.96,2.328,163.0,0.501,230.51,0.642,MID_DEFENSE_LAYER,PERSON,BFSR_01
T_1064,235,00:00:09,201.27,204.73,193.41,2.321,162.78,1.015,36.51,0.529,MID_DEFENSE_LAYER,PERSON,BFSR_01
T_1064,236,00:00:09,200.44,205.55,193.95,2.327,163.08,1.25,224.75,0.587,MID_DEFENSE_LAYER,PERSON,BFSR_01
T_1064,237,00:00:09,199.9,206.1,194.31,2.332,163.28,0.839,225.63,0.732,MID_DEFENSE_LAYER,PERSON,BFSR_01
T_1064,238,00:00:09,199.76,206.2,194.42,2.333,163.32,0.187,213.84,0.733,MID_DEFENSE_LAYER,PERSON,BFSR_01
T_1064,239,00:00:09,199.69,206.06,194.53,2.334,163.29,0.166,115.06,0.731,MID_DEFENSE_LAYER,PERSON,BFSR_01
T_1065,221,00:00:09,274.68,81.18,212.34,2.548,121.62,0.0,121.62,0.879,OUTER_MONITORING,PERSON,BFSR_01
T_1065,222,00:00:09,274.84,81.53,211.95,2.543,121.63,0.423,295.39,0.898,OUTER_MONITORING,PERSON,BFSR_01
T_1065,223,00:00:09,274.82,81.01,212.41,2.549,121.56,0.569,92.28,0.822,OUTER_MONITORING,PERSON,BFSR_01
T_1065,224,00:00:09,274.76,80.58,212.81,2.554,121.52,0.465,98.81,0.746,OUTER_MONITORING,PERSON,BFSR_01
T_1065,225,00:00:09,274.99,81.42,211.98,2.544,121.58,0.936,285.48,0.885,OUTER_MONITORING,PERSON,BFSR_01
T_1065,226,00:00:09,274.94,81.29,212.11,2.545,121.57,0.143,110.33,0.857,OUTER_MONITORING,PERSON,BFSR_01
T_1065,227,00:00:09,275.05,81.08,212.23,2.547,121.52,0.257,63.57,0.848,OUTER_MONITORING,PERSON,BFSR_01
T_1065,228,00:00:09,275.12,80.95,212.31,2.548,121.48,0.163,62.5,0.845,OUTER_MONITORING,PERSON,BFSR_01
T_1065,229,00:00:09,275.05,80.62,212.62,2.551,121.45,0.356,102.04,0.852,OUTER_MONITORING,PERSON,BFSR_01
T_1065,230,00:00:09,274.37,79.77,213.7,2.564,121.49,1.18,128.72,0.707,OUTER_MONITORING,PERSON,BFSR_01
T_1065,234,00:00:09,275.01,80.09,213.1,2.557,121.39,0.194,334.1,0.869,OUTER_MONITORING,PERSON,BFSR_01
T_1065,235,00:00:09,275.59,80.34,212.58,2.551,121.29,0.681,335.72,0.889,OUTER_MONITORING,PERSON,BFSR_01
T_1065,236,00:00:09,275.82,80.38,212.43,2.549,121.24,0.254,350.26,0.894,OUTER_MONITORING,PERSON,BFSR_01
T_1065,237,00:00:09,276.31,80.44,212.12,2.545,121.14,0.537,353.25,0.892,OUTER_MONITORING,PERSON,BFSR_01
T_1065,238,00:00:09,277.3,80.37,211.67,2.54,120.9,1.065,3.99,0.883,OUTER_MONITORING,PERSON,BFSR_01
T_1065,239,00:00:09,277.3,80.25,211.77,2.541,120.88,0.131,87.79,0.676,OUTER_MONITORING,PERSON,BFSR_01
T_1066,226,00:00:09,202.66,127.82,227.2,2.726,143.8,0.0,143.8,0.538,OUTER_MONITORING,PERSON,BFSR_01
T_1066,227,00:00:09,204.41,129.74,224.65,2.696,143.93,2.809,312.41,0.521,OUTER_MONITORING,PERSON,BFSR_01
T_1066,229,00:00:09,205.18,76.02,259.39,3.113,134.19,29.01,89.18,0.394,OUTER_MONITORING,PERSON,BFSR_01
T_1067,230,00:00:09,162.89,281.19,223.93,2.687,184.92,0.0,184.92,0.71,OUTER_MONITORING,PERSON,BFSR_01
T_1067,231,00:00:09,162.72,280.78,224.06,2.689,184.81,0.482,112.57,0.691,OUTER_MONITORING,PERSON,BFSR_01
T_1067,232,00:00:09,162.55,280.87,224.25,2.691,184.83,0.211,206.32,0.664,OUTER_MONITORING,PERSON,BFSR_01
T_1067,233,00:00:09,162.56,281.22,224.26,2.691,184.92,0.377,271.85,0.654,OUTER_MONITORING,PERSON,BFSR_01
T_1068,230,00:00:09,203.83,126.81,226.85,2.722,143.42,0.0,143.42,0.665,OUTER_MONITORING,PERSON,BFSR_01
T_1068,231,00:00:09,203.3,127.54,226.85,2.722,143.65,0.979,234.02,0.753,OUTER_MONITORING,PERSON,BFSR_01
T_1068,237,00:00:09,275.68,146.96,159.39,1.913,133.8,13.489,344.98,0.5,MID_DEFENSE_LAYER,PERSON,BFSR_01
T_1068,238,00:00:09,276.85,146.2,159.13,1.91,133.31,1.513,32.83,0.435,MID_DEFENSE_LAYER,PERSON,BFSR_01
T_1070,237,00:00:09,283.75,176.77,133.12,1.597,140.19,0.0,140.19,0.818,MID_DEFENSE_LAYER,PERSON,BFSR_01
T_1070,238,00:00:09,283.79,177.37,132.69,1.592,140.38,0.656,274.21,0.892,MID_DEFENSE_LAYER,PERSON,BFSR_01
T_1070,239,00:00:09,283.83,177.37,132.67,1.592,140.36,0.036,7.75,0.893,MID_DEFENSE_LAYER,PERSON,BFSR_01
